,guest,discount
0,guest_1,0.09
1,guest_2,0
2,guest_3,0.07
3,guest_4,0
4,guest_5,0.1
5,guest_6,0.09
6,guest_7,0.07
7,guest_8,0.04
8,guest_9,0.12
9,guest_10,0
10,guest_11,0
11,guest_12,0.17
12,guest_13,0.01
13,guest_14,0.06
14,guest_15,0
15,guest_16,0.09
16,guest_17,0.11
17,guest_18,0.05
18,guest_19,0.07
19,guest_20,0.01
20,guest_21,0.12
21,guest_22,0.07
22,guest_23,0.01
23,guest_24,0
24,guest_25,0.13
25,guest_26,0.01
26,guest_27,0.17
27,guest_28,0.19
28,guest_29,0.03
29,guest_30,0.1
30,guest_31,0.17
31,guest_32,0.14
32,guest_33,0.12
33,guest_34,0.13
34,guest_35,0.19
35,guest_36,0.16
36,guest_37,0.01
37,guest_38,0.09
38,guest_39,0.12
39,guest_40,0.04
40,guest_41,0.11
41,guest_42,0.11
42,guest_43,0.19
43,guest_44,0.1
44,guest_45,0
45,guest_46,0.13
46,guest_47,0.06
47,guest_48,0.07
48,guest_49,0.18
49,guest_50,0.15
50,guest_51,0.16
51,guest_52,0.01
52,guest_53,0.15
53,guest_54,0.05
54,guest_55,0.15
55,guest_56,0.19
56,guest_57,0.03
57,guest_58,0.1
58,guest_59,0.18
59,guest_60,0.03
60,guest_61,0.19
61,guest_62,0.06
62,guest_63,0.1
63,guest_64,0.07
64,guest_65,0.11
65,guest_66,0.15
66,guest_67,0.12
67,guest_68,0.04
68,guest_69,0.12
69,guest_70,0.05
70,guest_71,0.08
71,guest_72,0.09
72,guest_73,0.06
73,guest_74,0.04
74,guest_75,0.02
75,guest_76,0.06
76,guest_77,0.1
77,guest_78,0.03
78,guest_79,0.01
79,guest_80,0.04
80,guest_81,0
81,guest_82,0.02
82,guest_83,0.02
83,guest_84,0.07
84,guest_85,0.12
85,guest_86,0.16
86,guest_87,0
87,guest_88,0.16
88,guest_89,0
89,guest_90,0.18
90,guest_91,0.03
91,guest_92,0.16
92,guest_93,0.09
93,guest_94,0.16
94,guest_95,0
95,guest_96,0.11
96,guest_97,0.03
97,guest_98,0.04
98,guest_99,0.01
99,guest_100,0.11
100,guest_101,0.02
101,guest_102,0
102,guest_103,0.08
103,guest_104,0.12
104,guest_105,0.18
105,guest_106,0.11
106,guest_107,0.11
107,guest_108,0.07
108,guest_109,0.13
109,guest_110,0.01
110,guest_111,0.08
111,guest_112,0.11
112,guest_113,0.05
113,guest_114,0.14
114,guest_115,0.17
115,guest_116,0.07
116,guest_117,0.15
117,guest_118,0.02
118,guest_119,0.1
119,guest_120,0.09
120,guest_121,0.17
121,guest_122,0.04
122,guest_123,0.11
123,guest_124,0.12
124,guest_125,0.12
125,guest_126,0.1
126,guest_127,0.19
127,guest_128,0.07
128,guest_129,0.1
129,guest_130,0.04
130,guest_131,0.16
131,guest_132,0.16
132,guest_133,0.04
133,guest_134,0.09
134,guest_135,0.16
135,guest_136,0.17
136,guest_137,0.17
137,guest_138,0.17
138,guest_139,0.12
139,guest_140,0.11
140,guest_141,0.15
141,guest_142,0.06
142,guest_143,0.13
143,guest_144,0
144,guest_145,0.17
145,guest_146,0.05
146,guest_147,0.09
147,guest_148,0.15
148,guest_149,0.08
149,guest_150,0.08
150,guest_151,0.06
151,guest_152,0
152,guest_153,0.15
153,guest_154,0.11
154,guest_155,0.05
155,guest_156,0.06
156,guest_157,0.18
157,guest_158,0.19
158,guest_159,0.03
159,guest_160,0.14
160,guest_161,0.03
161,guest_162,0.1
162,guest_163,0.13
163,guest_164,0.18
164,guest_165,0.18
165,guest_166,0.13
166,guest_167,0.11
167,guest_168,0.05
168,guest_169,0
169,guest_170,0.05
170,guest_171,0.19
171,guest_172,0
172,guest_173,0
173,guest_174,0.02
174,guest_175,0.08
175,guest_176,0.1
176,guest_177,0.1
177,guest_178,0.18
178,guest_179,0.07
179,guest_180,0.11
180,guest_181,0.03
181,guest_182,0.03
182,guest_183,0.17
183,guest_184,0.19
184,guest_185,0.04
185,guest_186,0.12
186,guest_187,0.15
187,guest_188,0.09
188,guest_189,0.01
189,guest_190,0.15
190,guest_191,0.1
191,guest_192,0.14
192,guest_193,0.13
193,guest_194,0.02
194,guest_195,0.09
195,guest_196,0.03
196,guest_197,0.12
197,guest_198,0.01
198,guest_199,0.19
199,guest_200,0.18
200,guest_201,0.19
201,guest_202,0.15
202,guest_203,0.1
203,guest_204,0.16
204,guest_205,0.1
205,guest_206,0.14
206,guest_207,0.19
207,guest_208,0.03
208,guest_209,0.09
209,guest_210,0.01
210,guest_211,0
211,guest_212,0.12
212,guest_213,0
213,guest_214,0.09
214,guest_215,0.02
215,guest_216,0.06
216,guest_217,0.06
217,guest_218,0.19
218,guest_219,0.09
219,guest_220,0.1
220,guest_221,0.15
221,guest_222,0.15
222,guest_223,0.18
223,guest_224,0.13
224,guest_225,0.15
225,guest_226,0.08
226,guest_227,0.04
227,guest_228,0.04
228,guest_229,0.19
229,guest_230,0.02
230,guest_231,0.06
231,guest_232,0.01
232,guest_233,0.01
233,guest_234,0
234,guest_235,0.18
235,guest_236,0.17
236,guest_237,0.06
237,guest_238,0.19
238,guest_239,0.17
239,guest_240,0.19
240,guest_241,0.09
241,guest_242,0.11
242,guest_243,0.03
243,guest_244,0.06
244,guest_245,0.04
245,guest_246,0.08
246,guest_247,0.09
247,guest_248,0.04
248,guest_249,0.19
249,guest_250,0.12
250,guest_251,0.16
251,guest_252,0
252,guest_253,0.04
253,guest_254,0.06
254,guest_255,0.13
255,guest_256,0.11
256,guest_257,0.02
257,guest_258,0.08
258,guest_259,0.09
259,guest_260,0.16
260,guest_261,0.15
261,guest_262,0.16
262,guest_263,0.13
263,guest_264,0.19
264,guest_265,0.03
265,guest_266,0.18
266,guest_267,0.02
267,guest_268,0.01
268,guest_269,0.12
269,guest_270,0.19
270,guest_271,0.08
271,guest_272,0.08
272,guest_273,0.17
273,guest_274,0.01
274,guest_275,0.03
275,guest_276,0.18
276,guest_277,0.01
277,guest_278,0.03
278,guest_279,0.14
279,guest_280,0
280,guest_281,0.12
281,guest_282,0.03
282,guest_283,0.09
283,guest_284,0.09
284,guest_285,0.13
285,guest_286,0.19
286,guest_287,0.11
287,guest_288,0.16
288,guest_289,0.01
289,guest_290,0.03
290,guest_291,0
291,guest_292,0.19
292,guest_293,0.14
293,guest_294,0.08
294,guest_295,0.05
295,guest_296,0.09
296,guest_297,0.11
297,guest_298,0.15
298,guest_299,0.02
299,guest_300,0.08
300,guest_301,0.05
301,guest_302,0.18
302,guest_303,0.13
303,guest_304,0.12
304,guest_305,0.12
305,guest_306,0.03
306,guest_307,0.09
307,guest_308,0.07
308,guest_309,0.1
309,guest_310,0.08
310,guest_311,0.01
311,guest_312,0.19
312,guest_313,0.04
313,guest_314,0.03
314,guest_315,0.15
315,guest_316,0.07
316,guest_317,0.19
317,guest_318,0.19
318,guest_319,0.09
319,guest_320,0.07
320,guest_321,0.09
321,guest_322,0.15
322,guest_323,0.06
323,guest_324,0.05
324,guest_325,0.07
325,guest_326,0.11
326,guest_327,0.15
327,guest_328,0.02
328,guest_329,0.16
329,guest_330,0.16
330,guest_331,0.09
331,guest_332,0.11
332,guest_333,0.17
333,guest_334,0.16
334,guest_335,0.08
335,guest_336,0.09
336,guest_337,0.04
337,guest_338,0.14
338,guest_339,0.03
339,guest_340,0.18
340,guest_341,0.1
341,guest_342,0.17
342,guest_343,0.03
343,guest_344,0.19
344,guest_345,0.05
345,guest_346,0.09
346,guest_347,0.13
347,guest_348,0
348,guest_349,0.15
349,guest_350,0.07
350,guest_351,0.17
351,guest_352,0.04
352,guest_353,0.05
353,guest_354,0.15
354,guest_355,0.07
355,guest_356,0.08
356,guest_357,0.03
357,guest_358,0.09
358,guest_359,0.03
359,guest_360,0.05
360,guest_361,0.17
361,guest_362,0.08
362,guest_363,0.07
363,guest_364,0.03
364,guest_365,0.17
365,guest_366,0
366,guest_367,0.02
367,guest_368,0.1
368,guest_369,0.06
369,guest_370,0.15
370,guest_371,0.13
371,guest_372,0.01
372,guest_373,0.17
373,guest_374,0.16
374,guest_375,0.13
375,guest_376,0.12
376,guest_377,0.16
377,guest_378,0
378,guest_379,0.1
379,guest_380,0.01
380,guest_381,0.18
381,guest_382,0.06
382,guest_383,0.18
383,guest_384,0.09
384,guest_385,0.19
385,guest_386,0.18
386,guest_387,0.01
387,guest_388,0
388,guest_389,0.09
389,guest_390,0.18
390,guest_391,0.09
391,guest_392,0.03
392,guest_393,0.13
393,guest_394,0.09
394,guest_395,0.03
395,guest_396,0.03
396,guest_397,0.04
397,guest_398,0.19
398,guest_399,0.19
399,guest_400,0.17
400,guest_401,0.1
401,guest_402,0.1
402,guest_403,0.13
403,guest_404,0.16
404,guest_405,0.19
405,guest_406,0.13
406,guest_407,0.14
407,guest_408,0.04
408,guest_409,0.17
409,guest_410,0.1
410,guest_411,0.01
411,guest_412,0.01
412,guest_413,0.02
413,guest_414,0.03
414,guest_415,0
415,guest_416,0.01
416,guest_417,0.02
417,guest_418,0.01
418,guest_419,0.07
419,guest_420,0.12
420,guest_421,0.09
421,guest_422,0.07
422,guest_423,0.03
423,guest_424,0.19
424,guest_425,0.05
425,guest_426,0.14
426,guest_427,0.13
427,guest_428,0.07
428,guest_429,0.11
429,guest_430,0.12
430,guest_431,0.13
431,guest_432,0.01
432,guest_433,0.17
433,guest_434,0
434,guest_435,0.02
435,guest_436,0.14
436,guest_437,0.14
437,guest_438,0.15
438,guest_439,0.04
439,guest_440,0.15
440,guest_441,0.17
441,guest_442,0.11
442,guest_443,0.09
443,guest_444,0.15
444,guest_445,0.05
445,guest_446,0.08
446,guest_447,0.17
447,guest_448,0.13
448,guest_449,0.08
449,guest_450,0.12
450,guest_451,0.02
451,guest_452,0.03
452,guest_453,0.06
453,guest_454,0.16
454,guest_455,0.05
455,guest_456,0.12
456,guest_457,0.17
457,guest_458,0.09
458,guest_459,0.13
459,guest_460,0.17
460,guest_461,0.08
461,guest_462,0.11
462,guest_463,0.07
463,guest_464,0.15
464,guest_465,0.09
465,guest_466,0.01
466,guest_467,0.04
467,guest_468,0
468,guest_469,0.11
469,guest_470,0.02
470,guest_471,0.08
471,guest_472,0.04
472,guest_473,0.07
473,guest_474,0.12
474,guest_475,0.15
475,guest_476,0.04
476,guest_477,0.01
477,guest_478,0.17
478,guest_479,0.16
479,guest_480,0.11
480,guest_481,0.01
481,guest_482,0.05
482,guest_483,0.04
483,guest_484,0.11
484,guest_485,0.18
485,guest_486,0.01
486,guest_487,0.08
487,guest_488,0.06
488,guest_489,0
489,guest_490,0.13
490,guest_491,0.07
491,guest_492,0.03
492,guest_493,0.19
493,guest_494,0.1
494,guest_495,0.14
495,guest_496,0.02
496,guest_497,0.07
497,guest_498,0.13
498,guest_499,0.09
499,guest_500,0.14
500,guest_501,0.16
501,guest_502,0.02
502,guest_503,0.06
503,guest_504,0.11
504,guest_505,0.14
505,guest_506,0.15
506,guest_507,0.04
507,guest_508,0.13
508,guest_509,0.02
509,guest_510,0.03
510,guest_511,0.03
511,guest_512,0.12
512,guest_513,0
513,guest_514,0.05
514,guest_515,0.15
515,guest_516,0
516,guest_517,0.1
517,guest_518,0.15
518,guest_519,0.11
519,guest_520,0.01
520,guest_521,0.19
521,guest_522,0.13
522,guest_523,0.06
523,guest_524,0.12
524,guest_525,0.07
525,guest_526,0.18
526,guest_527,0.09
527,guest_528,0.17
528,guest_529,0.08
529,guest_530,0.18
530,guest_531,0.04
531,guest_532,0.14
532,guest_533,0.04
533,guest_534,0.09
534,guest_535,0.07
535,guest_536,0.13
536,guest_537,0.12
537,guest_538,0
538,guest_539,0.19
539,guest_540,0.02
540,guest_541,0.03
541,guest_542,0
542,guest_543,0.16
543,guest_544,0.08
544,guest_545,0.11
545,guest_546,0
546,guest_547,0.01
547,guest_548,0.04
548,guest_549,0
549,guest_550,0.11
550,guest_551,0.05
551,guest_552,0.01
552,guest_553,0.03
553,guest_554,0.07
554,guest_555,0.17
555,guest_556,0.16
556,guest_557,0.03
557,guest_558,0.01
558,guest_559,0.01
559,guest_560,0
560,guest_561,0
561,guest_562,0.05
562,guest_563,0.15
563,guest_564,0.09
564,guest_565,0.15
565,guest_566,0.12
566,guest_567,0.03
567,guest_568,0.06
568,guest_569,0.08
569,guest_570,0.03
570,guest_571,0.05
571,guest_572,0.17
572,guest_573,0.06
573,guest_574,0.04
574,guest_575,0.1
575,guest_576,0.02
576,guest_577,0.01
577,guest_578,0.02
578,guest_579,0.18
579,guest_580,0.11
580,guest_581,0.14
581,guest_582,0.09
582,guest_583,0.1
583,guest_584,0.18
584,guest_585,0.09
585,guest_586,0.07
586,guest_587,0.15
587,guest_588,0.06
588,guest_589,0.08
589,guest_590,0.04
590,guest_591,0.17
591,guest_592,0.19
592,guest_593,0.12
593,guest_594,0.12
594,guest_595,0.01
595,guest_596,0.01
596,guest_597,0.16
597,guest_598,0.06
598,guest_599,0.16
599,guest_600,0.17
600,guest_601,0.12
601,guest_602,0
602,guest_603,0.03
603,guest_604,0.07
604,guest_605,0.1
605,guest_606,0
606,guest_607,0.07
607,guest_608,0.1
608,guest_609,0.05
609,guest_610,0.01
610,guest_611,0.01
611,guest_612,0.04
612,guest_613,0.18
613,guest_614,0.11
614,guest_615,0.12
615,guest_616,0.18
616,guest_617,0.12
617,guest_618,0.09
618,guest_619,0.04
619,guest_620,0.04
620,guest_621,0.11
621,guest_622,0.04
622,guest_623,0.02
623,guest_624,0.19
624,guest_625,0.17
625,guest_626,0.18
626,guest_627,0.15
627,guest_628,0
628,guest_629,0.19
629,guest_630,0.18
630,guest_631,0.14
631,guest_632,0.07
632,guest_633,0.03
633,guest_634,0.18
634,guest_635,0.07
635,guest_636,0.07
636,guest_637,0.07
637,guest_638,0.03
638,guest_639,0.11
639,guest_640,0.13
640,guest_641,0.03
641,guest_642,0.11
642,guest_643,0.19
643,guest_644,0.05
644,guest_645,0.13
645,guest_646,0.09
646,guest_647,0.15
647,guest_648,0.18
648,guest_649,0.13
649,guest_650,0
650,guest_651,0.16
651,guest_652,0.13
652,guest_653,0.19
653,guest_654,0.18
654,guest_655,0.03
655,guest_656,0.08
656,guest_657,0.08
657,guest_658,0.02
658,guest_659,0.16
659,guest_660,0.15
660,guest_661,0.14
661,guest_662,0.05
662,guest_663,0.08
663,guest_664,0.06
664,guest_665,0.03
665,guest_666,0.08
666,guest_667,0.07
667,guest_668,0.01
668,guest_669,0.01
669,guest_670,0.1
670,guest_671,0.13
671,guest_672,0.11
672,guest_673,0.03
673,guest_674,0.03
674,guest_675,0.02
675,guest_676,0.07
676,guest_677,0.07
677,guest_678,0.07
678,guest_679,0.05
679,guest_680,0
680,guest_681,0.07
681,guest_682,0.17
682,guest_683,0.17
683,guest_684,0.01
684,guest_685,0.15
685,guest_686,0.02
686,guest_687,0.02
687,guest_688,0.02
688,guest_689,0.17
689,guest_690,0.14
690,guest_691,0.18
691,guest_692,0.13
692,guest_693,0.12
693,guest_694,0
694,guest_695,0.13
695,guest_696,0.13
696,guest_697,0.07
697,guest_698,0.14
698,guest_699,0
699,guest_700,0.17
700,guest_701,0.01
701,guest_702,0
702,guest_703,0.19
703,guest_704,0.12
704,guest_705,0.11
705,guest_706,0.06
706,guest_707,0.18
707,guest_708,0.09
708,guest_709,0.05
709,guest_710,0.01
710,guest_711,0.05
711,guest_712,0.02
712,guest_713,0.05
713,guest_714,0.06
714,guest_715,0.16
715,guest_716,0.16
716,guest_717,0.07
717,guest_718,0.18
718,guest_719,0.01
719,guest_720,0.12
720,guest_721,0.1
721,guest_722,0.16
722,guest_723,0.16
723,guest_724,0.17
724,guest_725,0.13
725,guest_726,0.12
726,guest_727,0.05
727,guest_728,0.18
728,guest_729,0.18
729,guest_730,0.15
730,guest_731,0.12
731,guest_732,0.19
732,guest_733,0.1
733,guest_734,0.13
734,guest_735,0.1
735,guest_736,0.02
736,guest_737,0.01
737,guest_738,0.06
738,guest_739,0.16
739,guest_740,0.13
740,guest_741,0.08
741,guest_742,0.1
742,guest_743,0.1
743,guest_744,0.07
744,guest_745,0.15
745,guest_746,0.07
746,guest_747,0.11
747,guest_748,0.15
748,guest_749,0.02
749,guest_750,0.11
750,guest_751,0.06
751,guest_752,0.15
752,guest_753,0.05
753,guest_754,0.09
754,guest_755,0.16
755,guest_756,0.15
756,guest_757,0.04
757,guest_758,0.03
758,guest_759,0.11
759,guest_760,0.03
760,guest_761,0.13
761,guest_762,0.04
762,guest_763,0.18
763,guest_764,0.16
764,guest_765,0.15
765,guest_766,0.16
766,guest_767,0
767,guest_768,0.03
768,guest_769,0.08
769,guest_770,0.06
770,guest_771,0.02
771,guest_772,0.15
772,guest_773,0.09
773,guest_774,0.07
774,guest_775,0.03
775,guest_776,0.1
776,guest_777,0.08
777,guest_778,0.14
778,guest_779,0.03
779,guest_780,0
780,guest_781,0.05
781,guest_782,0.03
782,guest_783,0.04
783,guest_784,0.13
784,guest_785,0.1
785,guest_786,0.18
786,guest_787,0.13
787,guest_788,0.04
788,guest_789,0.13
789,guest_790,0.11
790,guest_791,0.13
791,guest_792,0
792,guest_793,0.06
793,guest_794,0.03
794,guest_795,0.19
795,guest_796,0.16
796,guest_797,0.01
797,guest_798,0.13
798,guest_799,0.05
799,guest_800,0.13
800,guest_801,0.16
801,guest_802,0.13
802,guest_803,0.13
803,guest_804,0.16
804,guest_805,0.07
805,guest_806,0.08
806,guest_807,0.01
807,guest_808,0.08
808,guest_809,0.11
809,guest_810,0.1
810,guest_811,0.1
811,guest_812,0
812,guest_813,0.08
813,guest_814,0.18
814,guest_815,0.07
815,guest_816,0.18
816,guest_817,0.05
817,guest_818,0.04
818,guest_819,0.04
819,guest_820,0.19
820,guest_821,0.11
821,guest_822,0.01
822,guest_823,0.01
823,guest_824,0.09
824,guest_825,0.15
825,guest_826,0.13
826,guest_827,0.09
827,guest_828,0.08
828,guest_829,0.09
829,guest_830,0.07
830,guest_831,0.12
831,guest_832,0.03
832,guest_833,0.05
833,guest_834,0.04
834,guest_835,0.02
835,guest_836,0.19
836,guest_837,0
837,guest_838,0.09
838,guest_839,0.11
839,guest_840,0.13
840,guest_841,0.03
841,guest_842,0.11
842,guest_843,0.19
843,guest_844,0.05
844,guest_845,0.05
845,guest_846,0.19
846,guest_847,0.07
847,guest_848,0.07
848,guest_849,0.18
849,guest_850,0.04
850,guest_851,0.05
851,guest_852,0.06
852,guest_853,0.11
853,guest_854,0.07
854,guest_855,0.12
855,guest_856,0.11
856,guest_857,0.03
857,guest_858,0.17
858,guest_859,0.04
859,guest_860,0.12
860,guest_861,0.07
861,guest_862,0.1
862,guest_863,0.06
863,guest_864,0
864,guest_865,0.01
865,guest_866,0.15
866,guest_867,0.07
867,guest_868,0
868,guest_869,0.07
869,guest_870,0.08
870,guest_871,0.11
871,guest_872,0.03
872,guest_873,0.03
873,guest_874,0.02
874,guest_875,0.04
875,guest_876,0.01
876,guest_877,0.1
877,guest_878,0.01
878,guest_879,0.04
879,guest_880,0.12
880,guest_881,0.15
881,guest_882,0.17
882,guest_883,0.1
883,guest_884,0.06
884,guest_885,0.06
885,guest_886,0.05
886,guest_887,0
887,guest_888,0.11
888,guest_889,0.09
889,guest_890,0.17
890,guest_891,0.18
891,guest_892,0.02
892,guest_893,0.14
893,guest_894,0.05
894,guest_895,0.17
895,guest_896,0.16
896,guest_897,0.16
897,guest_898,0.13
898,guest_899,0.06
899,guest_900,0.07
900,guest_901,0.07
901,guest_902,0.19
902,guest_903,0.1
903,guest_904,0.18
904,guest_905,0.1
905,guest_906,0.12
906,guest_907,0.06
907,guest_908,0.1
908,guest_909,0.1
909,guest_910,0.19
910,guest_911,0.01
911,guest_912,0.16
912,guest_913,0.15
913,guest_914,0.19
914,guest_915,0.12
915,guest_916,0.11
916,guest_917,0.03
917,guest_918,0.1
918,guest_919,0.09
919,guest_920,0.11
920,guest_921,0.17
921,guest_922,0.06
922,guest_923,0.11
923,guest_924,0.15
924,guest_925,0.18
925,guest_926,0.01
926,guest_927,0.18
927,guest_928,0.15
928,guest_929,0.15
929,guest_930,0.12
930,guest_931,0.04
931,guest_932,0.14
932,guest_933,0
933,guest_934,0.03
934,guest_935,0.15
935,guest_936,0
936,guest_937,0.01
937,guest_938,0.18
938,guest_939,0.14
939,guest_940,0.13
940,guest_941,0.12
941,guest_942,0.06
942,guest_943,0.16
943,guest_944,0.17
944,guest_945,0.09
945,guest_946,0.13
946,guest_947,0.05
947,guest_948,0.12
948,guest_949,0.19
949,guest_950,0
950,guest_951,0
951,guest_952,0.09
952,guest_953,0.1
953,guest_954,0.14
954,guest_955,0.08
955,guest_956,0.14
956,guest_957,0.01
957,guest_958,0.18
958,guest_959,0.12
959,guest_960,0.14
960,guest_961,0.07
961,guest_962,0.05
962,guest_963,0.04
963,guest_964,0.05
964,guest_965,0.14
965,guest_966,0.02
966,guest_967,0.05
967,guest_968,0.18
968,guest_969,0.18
969,guest_970,0.03
970,guest_971,0.08
971,guest_972,0.13
972,guest_973,0.11
973,guest_974,0.11
974,guest_975,0.11
975,guest_976,0.08
976,guest_977,0.02
977,guest_978,0.07
978,guest_979,0.03
979,guest_980,0.06
980,guest_981,0.05
981,guest_982,0.01
982,guest_983,0.05
983,guest_984,0.05
984,guest_985,0.01
985,guest_986,0.05
986,guest_987,0.05
987,guest_988,0.02
988,guest_989,0.13
989,guest_990,0.12
990,guest_991,0.13
991,guest_992,0.15
992,guest_993,0.15
993,guest_994,0.15
994,guest_995,0.12
995,guest_996,0.15
996,guest_997,0.07
997,guest_998,0.13
998,guest_999,0.15
999,guest_1000,0.07
1000,guest_1001,0.19
1001,guest_1002,0.03
1002,guest_1003,0.07
1003,guest_1004,0.13
1004,guest_1005,0.07
1005,guest_1006,0.08
1006,guest_1007,0.1
1007,guest_1008,0.15
1008,guest_1009,0.1
1009,guest_1010,0.12
1010,guest_1011,0.05
1011,guest_1012,0.11
1012,guest_1013,0.07
1013,guest_1014,0.04
1014,guest_1015,0.16
1015,guest_1016,0.01
1016,guest_1017,0.1
1017,guest_1018,0.1
1018,guest_1019,0.03
1019,guest_1020,0.06
1020,guest_1021,0.13
1021,guest_1022,0.04
1022,guest_1023,0.13
1023,guest_1024,0.04
1024,guest_1025,0.17
1025,guest_1026,0.17
1026,guest_1027,0.02
1027,guest_1028,0.13
1028,guest_1029,0.01
1029,guest_1030,0.18
1030,guest_1031,0.03
1031,guest_1032,0.08
1032,guest_1033,0.17
1033,guest_1034,0.16
1034,guest_1035,0.09
1035,guest_1036,0.04
1036,guest_1037,0.13
1037,guest_1038,0.07
1038,guest_1039,0.01
1039,guest_1040,0.06
1040,guest_1041,0.14
1041,guest_1042,0.05
1042,guest_1043,0.1
1043,guest_1044,0.18
1044,guest_1045,0.04
1045,guest_1046,0.07
1046,guest_1047,0.19
1047,guest_1048,0.12
1048,guest_1049,0.18
1049,guest_1050,0.07
1050,guest_1051,0.03
1051,guest_1052,0.13
1052,guest_1053,0.19
1053,guest_1054,0.13
1054,guest_1055,0.11
1055,guest_1056,0.13
1056,guest_1057,0.08
1057,guest_1058,0.19
1058,guest_1059,0.05
1059,guest_1060,0.19
1060,guest_1061,0
1061,guest_1062,0.14
1062,guest_1063,0.12
1063,guest_1064,0.08
1064,guest_1065,0.19
1065,guest_1066,0.16
1066,guest_1067,0.18
1067,guest_1068,0.08
1068,guest_1069,0.08
1069,guest_1070,0.07
1070,guest_1071,0.1
1071,guest_1072,0
1072,guest_1073,0.03
1073,guest_1074,0.17
1074,guest_1075,0.14
1075,guest_1076,0.11
1076,guest_1077,0.01
1077,guest_1078,0.1
1078,guest_1079,0.12
1079,guest_1080,0.09
1080,guest_1081,0.17
1081,guest_1082,0.13
1082,guest_1083,0.08
1083,guest_1084,0.11
1084,guest_1085,0.01
1085,guest_1086,0
1086,guest_1087,0.08
1087,guest_1088,0.19
1088,guest_1089,0.11
1089,guest_1090,0.12
1090,guest_1091,0.09
1091,guest_1092,0.06
1092,guest_1093,0
1093,guest_1094,0
1094,guest_1095,0.01
1095,guest_1096,0.17
1096,guest_1097,0.18
1097,guest_1098,0.11
1098,guest_1099,0.13
1099,guest_1100,0.14
1100,guest_1101,0.12
1101,guest_1102,0.1
1102,guest_1103,0.01
1103,guest_1104,0.11
1104,guest_1105,0.04
1105,guest_1106,0.02
1106,guest_1107,0.04
1107,guest_1108,0.03
1108,guest_1109,0.12
1109,guest_1110,0.11
1110,guest_1111,0.19
1111,guest_1112,0.02
1112,guest_1113,0.07
1113,guest_1114,0.17
1114,guest_1115,0.12
1115,guest_1116,0.05
1116,guest_1117,0.16
1117,guest_1118,0.13
1118,guest_1119,0.06
1119,guest_1120,0.19
1120,guest_1121,0.17
1121,guest_1122,0.16
1122,guest_1123,0.05
1123,guest_1124,0.02
1124,guest_1125,0.13
1125,guest_1126,0.1
1126,guest_1127,0.19
1127,guest_1128,0.1
1128,guest_1129,0.04
1129,guest_1130,0.19
1130,guest_1131,0.01
1131,guest_1132,0.18
1132,guest_1133,0.03
1133,guest_1134,0.16
1134,guest_1135,0.05
1135,guest_1136,0.03
1136,guest_1137,0.01
1137,guest_1138,0.04
1138,guest_1139,0.1
1139,guest_1140,0.19
1140,guest_1141,0.19
1141,guest_1142,0.13
1142,guest_1143,0.16
1143,guest_1144,0.01
1144,guest_1145,0.01
1145,guest_1146,0.14
1146,guest_1147,0.1
1147,guest_1148,0
1148,guest_1149,0.11
1149,guest_1150,0.02
1150,guest_1151,0.13
1151,guest_1152,0
1152,guest_1153,0.06
1153,guest_1154,0.15
1154,guest_1155,0.11
1155,guest_1156,0.13
1156,guest_1157,0
1157,guest_1158,0.14
1158,guest_1159,0.15
1159,guest_1160,0
1160,guest_1161,0.06
1161,guest_1162,0.14
1162,guest_1163,0.11
1163,guest_1164,0.19
1164,guest_1165,0.16
1165,guest_1166,0.1
1166,guest_1167,0.08
1167,guest_1168,0.14
1168,guest_1169,0.06
1169,guest_1170,0.09
1170,guest_1171,0.05
1171,guest_1172,0
1172,guest_1173,0.08
1173,guest_1174,0.17
1174,guest_1175,0
1175,guest_1176,0.15
1176,guest_1177,0.12
1177,guest_1178,0.13
1178,guest_1179,0.1
1179,guest_1180,0.03
1180,guest_1181,0.12
1181,guest_1182,0.01
1182,guest_1183,0.06
1183,guest_1184,0.12
1184,guest_1185,0.15
1185,guest_1186,0.11
1186,guest_1187,0.01
1187,guest_1188,0.04
1188,guest_1189,0.14
1189,guest_1190,0.09
1190,guest_1191,0.17
1191,guest_1192,0.19
1192,guest_1193,0.15
1193,guest_1194,0.15
1194,guest_1195,0.06
1195,guest_1196,0
1196,guest_1197,0.08
1197,guest_1198,0.06
1198,guest_1199,0.15
1199,guest_1200,0.02
1200,guest_1201,0.04
1201,guest_1202,0
1202,guest_1203,0.06
1203,guest_1204,0.14
1204,guest_1205,0.09
1205,guest_1206,0.12
1206,guest_1207,0
1207,guest_1208,0.18
1208,guest_1209,0.01
1209,guest_1210,0.03
1210,guest_1211,0.17
1211,guest_1212,0.1
1212,guest_1213,0.13
1213,guest_1214,0.08
1214,guest_1215,0.08
1215,guest_1216,0.02
1216,guest_1217,0.17
1217,guest_1218,0.13
1218,guest_1219,0.09
1219,guest_1220,0.19
1220,guest_1221,0.15
1221,guest_1222,0.06
1222,guest_1223,0.18
1223,guest_1224,0.07
1224,guest_1225,0.12
1225,guest_1226,0.18
1226,guest_1227,0.11
1227,guest_1228,0.13
1228,guest_1229,0.14
1229,guest_1230,0.02
1230,guest_1231,0.11
1231,guest_1232,0.01
1232,guest_1233,0.07
1233,guest_1234,0.03
1234,guest_1235,0.13
1235,guest_1236,0.14
1236,guest_1237,0.1
1237,guest_1238,0.12
1238,guest_1239,0.08
1239,guest_1240,0.06
1240,guest_1241,0.1
1241,guest_1242,0.17
1242,guest_1243,0
1243,guest_1244,0.13
1244,guest_1245,0.09
1245,guest_1246,0
1246,guest_1247,0.1
1247,guest_1248,0
1248,guest_1249,0.01
1249,guest_1250,0.08
1250,guest_1251,0.18
1251,guest_1252,0.09
1252,guest_1253,0.16
1253,guest_1254,0.14
1254,guest_1255,0.1
1255,guest_1256,0.11
1256,guest_1257,0.07
1257,guest_1258,0.09
1258,guest_1259,0.12
1259,guest_1260,0.05
1260,guest_1261,0.09
1261,guest_1262,0.18
1262,guest_1263,0
1263,guest_1264,0.03
1264,guest_1265,0.19
1265,guest_1266,0.05
1266,guest_1267,0.18
1267,guest_1268,0.08
1268,guest_1269,0.11
1269,guest_1270,0.15
1270,guest_1271,0.04
1271,guest_1272,0.11
1272,guest_1273,0.17
1273,guest_1274,0.16
1274,guest_1275,0.06
1275,guest_1276,0.18
1276,guest_1277,0.03
1277,guest_1278,0.13
1278,guest_1279,0.14
1279,guest_1280,0.04
1280,guest_1281,0.17
1281,guest_1282,0.12
1282,guest_1283,0.02
1283,guest_1284,0
1284,guest_1285,0.18
1285,guest_1286,0.1
1286,guest_1287,0.12
1287,guest_1288,0.1
1288,guest_1289,0.14
1289,guest_1290,0.14
1290,guest_1291,0.03
1291,guest_1292,0.08
1292,guest_1293,0.07
1293,guest_1294,0.1
1294,guest_1295,0.1
1295,guest_1296,0.16
1296,guest_1297,0.06
1297,guest_1298,0.06
1298,guest_1299,0.13
1299,guest_1300,0.05
1300,guest_1301,0
1301,guest_1302,0.02
1302,guest_1303,0
1303,guest_1304,0.12
1304,guest_1305,0.03
1305,guest_1306,0.18
1306,guest_1307,0.13
1307,guest_1308,0.02
1308,guest_1309,0.09
1309,guest_1310,0.03
1310,guest_1311,0.16
1311,guest_1312,0.05
1312,guest_1313,0.12
1313,guest_1314,0.19
1314,guest_1315,0.09
1315,guest_1316,0.03
1316,guest_1317,0.09
1317,guest_1318,0.15
1318,guest_1319,0.11
1319,guest_1320,0.01
1320,guest_1321,0.12
1321,guest_1322,0.07
1322,guest_1323,0.19
1323,guest_1324,0.05
1324,guest_1325,0.09
1325,guest_1326,0
1326,guest_1327,0.11
1327,guest_1328,0.09
1328,guest_1329,0.04
1329,guest_1330,0.08
1330,guest_1331,0.14
1331,guest_1332,0.05
1332,guest_1333,0.02
1333,guest_1334,0.06
1334,guest_1335,0.17
1335,guest_1336,0.11
1336,guest_1337,0.03
1337,guest_1338,0.12
1338,guest_1339,0.14
1339,guest_1340,0.02
1340,guest_1341,0
1341,guest_1342,0.19
1342,guest_1343,0
1343,guest_1344,0.15
1344,guest_1345,0.05
1345,guest_1346,0.01
1346,guest_1347,0.07
1347,guest_1348,0.04
1348,guest_1349,0.05
1349,guest_1350,0.05
1350,guest_1351,0.02
1351,guest_1352,0.18
1352,guest_1353,0.19
1353,guest_1354,0.07
1354,guest_1355,0
1355,guest_1356,0.06
1356,guest_1357,0.03
1357,guest_1358,0.1
1358,guest_1359,0.12
1359,guest_1360,0.04
1360,guest_1361,0.15
1361,guest_1362,0.19
1362,guest_1363,0.09
1363,guest_1364,0.14
1364,guest_1365,0.1
1365,guest_1366,0.14
1366,guest_1367,0.08
1367,guest_1368,0.05
1368,guest_1369,0.09
1369,guest_1370,0.02
1370,guest_1371,0.07
1371,guest_1372,0.12
1372,guest_1373,0
1373,guest_1374,0.19
1374,guest_1375,0.03
1375,guest_1376,0.06
1376,guest_1377,0.06
1377,guest_1378,0.16
1378,guest_1379,0.1
1379,guest_1380,0.03
1380,guest_1381,0.09
1381,guest_1382,0.02
1382,guest_1383,0.02
1383,guest_1384,0.18
1384,guest_1385,0.08
1385,guest_1386,0.14
1386,guest_1387,0.12
1387,guest_1388,0.01
1388,guest_1389,0.01
1389,guest_1390,0.05
1390,guest_1391,0.17
1391,guest_1392,0.19
1392,guest_1393,0.17
1393,guest_1394,0.05
1394,guest_1395,0.02
1395,guest_1396,0.1
1396,guest_1397,0.16
1397,guest_1398,0.06
1398,guest_1399,0.13
1399,guest_1400,0.1
1400,guest_1401,0.06
1401,guest_1402,0.03
1402,guest_1403,0.07
1403,guest_1404,0.18
1404,guest_1405,0.13
1405,guest_1406,0.09
1406,guest_1407,0.07
1407,guest_1408,0.09
1408,guest_1409,0.1
1409,guest_1410,0.12
1410,guest_1411,0.05
1411,guest_1412,0.19
1412,guest_1413,0.01
1413,guest_1414,0.02
1414,guest_1415,0.12
1415,guest_1416,0.18
1416,guest_1417,0.05
1417,guest_1418,0.05
1418,guest_1419,0.12
1419,guest_1420,0.03
1420,guest_1421,0.03
1421,guest_1422,0.05
1422,guest_1423,0.16
1423,guest_1424,0.09
1424,guest_1425,0.01
1425,guest_1426,0.05
1426,guest_1427,0.06
1427,guest_1428,0.02
1428,guest_1429,0.16
1429,guest_1430,0.05
1430,guest_1431,0.07
1431,guest_1432,0.17
1432,guest_1433,0.15
1433,guest_1434,0.09
1434,guest_1435,0.18
1435,guest_1436,0.12
1436,guest_1437,0.17
1437,guest_1438,0.05
1438,guest_1439,0.07
1439,guest_1440,0.19
1440,guest_1441,0.1
1441,guest_1442,0.16
1442,guest_1443,0.08
1443,guest_1444,0.11
1444,guest_1445,0.03
1445,guest_1446,0.15
1446,guest_1447,0.15
1447,guest_1448,0.01
1448,guest_1449,0.1
1449,guest_1450,0.04
1450,guest_1451,0.03
1451,guest_1452,0.05
1452,guest_1453,0.04
1453,guest_1454,0.04
1454,guest_1455,0.01
1455,guest_1456,0.02
1456,guest_1457,0.07
1457,guest_1458,0.05
1458,guest_1459,0.16
1459,guest_1460,0.06
1460,guest_1461,0.07
1461,guest_1462,0.03
1462,guest_1463,0.13
1463,guest_1464,0.17
1464,guest_1465,0.17
1465,guest_1466,0.05
1466,guest_1467,0.12
1467,guest_1468,0.03
1468,guest_1469,0.19
1469,guest_1470,0.14
1470,guest_1471,0.11
1471,guest_1472,0.13
1472,guest_1473,0.1
1473,guest_1474,0.16
1474,guest_1475,0.15
1475,guest_1476,0.18
1476,guest_1477,0.02
1477,guest_1478,0.15
1478,guest_1479,0.13
1479,guest_1480,0.02
1480,guest_1481,0.19
1481,guest_1482,0.13
1482,guest_1483,0
1483,guest_1484,0.07
1484,guest_1485,0.19
1485,guest_1486,0.17
1486,guest_1487,0.1
1487,guest_1488,0.05
1488,guest_1489,0.03
1489,guest_1490,0.1
1490,guest_1491,0.07
1491,guest_1492,0.08
1492,guest_1493,0.08
1493,guest_1494,0.17
1494,guest_1495,0.01
1495,guest_1496,0.13
1496,guest_1497,0.14
1497,guest_1498,0.17
1498,guest_1499,0.09
1499,guest_1500,0.12
1500,guest_1501,0.02
1501,guest_1502,0.13
1502,guest_1503,0.17
1503,guest_1504,0.15
1504,guest_1505,0.11
1505,guest_1506,0.06
1506,guest_1507,0.1
1507,guest_1508,0.09
1508,guest_1509,0.18
1509,guest_1510,0.02
1510,guest_1511,0.08
1511,guest_1512,0.06
1512,guest_1513,0.17
1513,guest_1514,0.18
1514,guest_1515,0.07
1515,guest_1516,0.04
1516,guest_1517,0.11
1517,guest_1518,0.17
1518,guest_1519,0.01
1519,guest_1520,0.01
1520,guest_1521,0.01
1521,guest_1522,0
1522,guest_1523,0.14
1523,guest_1524,0.06
1524,guest_1525,0.16
1525,guest_1526,0.04
1526,guest_1527,0.12
1527,guest_1528,0.04
1528,guest_1529,0.05
1529,guest_1530,0.08
1530,guest_1531,0.02
1531,guest_1532,0.15
1532,guest_1533,0
1533,guest_1534,0.18
1534,guest_1535,0.04
1535,guest_1536,0.09
1536,guest_1537,0.06
1537,guest_1538,0.15
1538,guest_1539,0.19
1539,guest_1540,0.12
1540,guest_1541,0.13
1541,guest_1542,0.16
1542,guest_1543,0.09
1543,guest_1544,0.19
1544,guest_1545,0.09
1545,guest_1546,0.15
1546,guest_1547,0.01
1547,guest_1548,0.05
1548,guest_1549,0.03
1549,guest_1550,0.17
1550,guest_1551,0.14
1551,guest_1552,0
1552,guest_1553,0.15
1553,guest_1554,0.13
1554,guest_1555,0.13
1555,guest_1556,0.16
1556,guest_1557,0.13
1557,guest_1558,0.03
1558,guest_1559,0.03
1559,guest_1560,0.04
1560,guest_1561,0.03
1561,guest_1562,0.03
1562,guest_1563,0.01
1563,guest_1564,0.03
1564,guest_1565,0.1
1565,guest_1566,0.19
1566,guest_1567,0.13
1567,guest_1568,0.08
1568,guest_1569,0.02
1569,guest_1570,0.19
1570,guest_1571,0.1
1571,guest_1572,0.11
1572,guest_1573,0
1573,guest_1574,0.12
1574,guest_1575,0.14
1575,guest_1576,0.1
1576,guest_1577,0.16
1577,guest_1578,0.1
1578,guest_1579,0.14
1579,guest_1580,0.13
1580,guest_1581,0.12
1581,guest_1582,0.02
1582,guest_1583,0.07
1583,guest_1584,0.14
1584,guest_1585,0.08
1585,guest_1586,0.16
1586,guest_1587,0.02
1587,guest_1588,0.1
1588,guest_1589,0.04
1589,guest_1590,0.03
1590,guest_1591,0
1591,guest_1592,0.15
1592,guest_1593,0.1
1593,guest_1594,0.04
1594,guest_1595,0.17
1595,guest_1596,0.16
1596,guest_1597,0.15
1597,guest_1598,0.15
1598,guest_1599,0.12
1599,guest_1600,0.06
1600,guest_1601,0.08
1601,guest_1602,0.05
1602,guest_1603,0.12
1603,guest_1604,0.09
1604,guest_1605,0.04
1605,guest_1606,0.13
1606,guest_1607,0.12
1607,guest_1608,0.11
1608,guest_1609,0.01
1609,guest_1610,0.18
1610,guest_1611,0.03
1611,guest_1612,0.09
1612,guest_1613,0
1613,guest_1614,0.1
1614,guest_1615,0.09
1615,guest_1616,0.04
1616,guest_1617,0
1617,guest_1618,0.14
1618,guest_1619,0.04
1619,guest_1620,0.09
1620,guest_1621,0.04
1621,guest_1622,0.16
1622,guest_1623,0.19
1623,guest_1624,0.11
1624,guest_1625,0.14
1625,guest_1626,0.06
1626,guest_1627,0.09
1627,guest_1628,0.16
1628,guest_1629,0.09
1629,guest_1630,0
1630,guest_1631,0.09
1631,guest_1632,0.1
1632,guest_1633,0.02
1633,guest_1634,0.07
1634,guest_1635,0.08
1635,guest_1636,0.01
1636,guest_1637,0.06
1637,guest_1638,0.04
1638,guest_1639,0.15
1639,guest_1640,0.15
1640,guest_1641,0.04
1641,guest_1642,0.09
1642,guest_1643,0.16
1643,guest_1644,0.16
1644,guest_1645,0.11
1645,guest_1646,0.13
1646,guest_1647,0.09
1647,guest_1648,0.05
1648,guest_1649,0.15
1649,guest_1650,0.05
1650,guest_1651,0.16
1651,guest_1652,0.14
1652,guest_1653,0.12
1653,guest_1654,0.17
1654,guest_1655,0.09
1655,guest_1656,0.08
1656,guest_1657,0.11
1657,guest_1658,0
1658,guest_1659,0.16
1659,guest_1660,0.07
1660,guest_1661,0.05
1661,guest_1662,0.02
1662,guest_1663,0.12
1663,guest_1664,0.07
1664,guest_1665,0.1
1665,guest_1666,0.05
1666,guest_1667,0.19
1667,guest_1668,0.19
1668,guest_1669,0.13
1669,guest_1670,0.05
1670,guest_1671,0.13
1671,guest_1672,0.01
1672,guest_1673,0.04
1673,guest_1674,0.13
1674,guest_1675,0.01
1675,guest_1676,0.12
1676,guest_1677,0.16
1677,guest_1678,0.02
1678,guest_1679,0.01
1679,guest_1680,0.02
1680,guest_1681,0.09
1681,guest_1682,0.11
1682,guest_1683,0.03
1683,guest_1684,0.09
1684,guest_1685,0.16
1685,guest_1686,0.02
1686,guest_1687,0.06
1687,guest_1688,0.02
1688,guest_1689,0.18
1689,guest_1690,0.17
1690,guest_1691,0.13
1691,guest_1692,0.08
1692,guest_1693,0.17
1693,guest_1694,0.08
1694,guest_1695,0.12
1695,guest_1696,0.01
1696,guest_1697,0.08
1697,guest_1698,0
1698,guest_1699,0.17
1699,guest_1700,0.17
1700,guest_1701,0.14
1701,guest_1702,0.03
1702,guest_1703,0.12
1703,guest_1704,0.19
1704,guest_1705,0.05
1705,guest_1706,0.11
1706,guest_1707,0.17
1707,guest_1708,0.06
1708,guest_1709,0.03
1709,guest_1710,0.04
1710,guest_1711,0
1711,guest_1712,0.05
1712,guest_1713,0.02
1713,guest_1714,0.1
1714,guest_1715,0.04
1715,guest_1716,0.12
1716,guest_1717,0
1717,guest_1718,0.04
1718,guest_1719,0.08
1719,guest_1720,0.04
1720,guest_1721,0.01
1721,guest_1722,0.08
1722,guest_1723,0.01
1723,guest_1724,0.15
1724,guest_1725,0.06
1725,guest_1726,0.01
1726,guest_1727,0.15
1727,guest_1728,0.02
1728,guest_1729,0.15
1729,guest_1730,0.09
1730,guest_1731,0.13
1731,guest_1732,0.12
1732,guest_1733,0.02
1733,guest_1734,0.16
1734,guest_1735,0.19
1735,guest_1736,0.11
1736,guest_1737,0.19
1737,guest_1738,0.02
1738,guest_1739,0.18
1739,guest_1740,0.1
1740,guest_1741,0.02
1741,guest_1742,0.16
1742,guest_1743,0.02
1743,guest_1744,0.15
1744,guest_1745,0.12
1745,guest_1746,0.12
1746,guest_1747,0
1747,guest_1748,0.09
1748,guest_1749,0.06
1749,guest_1750,0.12
1750,guest_1751,0.01
1751,guest_1752,0.14
1752,guest_1753,0.04
1753,guest_1754,0
1754,guest_1755,0.17
1755,guest_1756,0.17
1756,guest_1757,0.16
1757,guest_1758,0.15
1758,guest_1759,0.18
1759,guest_1760,0.09
1760,guest_1761,0
1761,guest_1762,0.02
1762,guest_1763,0.05
1763,guest_1764,0.17
1764,guest_1765,0.19
1765,guest_1766,0.08
1766,guest_1767,0.04
1767,guest_1768,0.14
1768,guest_1769,0.17
1769,guest_1770,0.12
1770,guest_1771,0.06
1771,guest_1772,0
1772,guest_1773,0.01
1773,guest_1774,0.16
1774,guest_1775,0.14
1775,guest_1776,0.03
1776,guest_1777,0.13
1777,guest_1778,0.16
1778,guest_1779,0.08
1779,guest_1780,0.05
1780,guest_1781,0.09
1781,guest_1782,0.18
1782,guest_1783,0.18
1783,guest_1784,0
1784,guest_1785,0.11
1785,guest_1786,0.02
1786,guest_1787,0
1787,guest_1788,0.11
1788,guest_1789,0.01
1789,guest_1790,0.03
1790,guest_1791,0.01
1791,guest_1792,0.11
1792,guest_1793,0.16
1793,guest_1794,0.12
1794,guest_1795,0
1795,guest_1796,0
1796,guest_1797,0.12
1797,guest_1798,0.09
1798,guest_1799,0.16
1799,guest_1800,0.16
1800,guest_1801,0.07
1801,guest_1802,0.19
1802,guest_1803,0.08
1803,guest_1804,0.18
1804,guest_1805,0.12
1805,guest_1806,0.12
1806,guest_1807,0.15
1807,guest_1808,0.04
1808,guest_1809,0.05
1809,guest_1810,0.03
1810,guest_1811,0.01
1811,guest_1812,0
1812,guest_1813,0.02
1813,guest_1814,0.11
1814,guest_1815,0.12
1815,guest_1816,0.01
1816,guest_1817,0.11
1817,guest_1818,0.04
1818,guest_1819,0.11
1819,guest_1820,0.02
1820,guest_1821,0.04
1821,guest_1822,0.1
1822,guest_1823,0.1
1823,guest_1824,0.19
1824,guest_1825,0.15
1825,guest_1826,0.11
1826,guest_1827,0.15
1827,guest_1828,0.18
1828,guest_1829,0
1829,guest_1830,0.13
1830,guest_1831,0.12
1831,guest_1832,0.05
1832,guest_1833,0.1
1833,guest_1834,0.05
1834,guest_1835,0.05
1835,guest_1836,0.17
1836,guest_1837,0.11
1837,guest_1838,0.1
1838,guest_1839,0.07
1839,guest_1840,0.03
1840,guest_1841,0.08
1841,guest_1842,0.09
1842,guest_1843,0.19
1843,guest_1844,0.13
1844,guest_1845,0.14
1845,guest_1846,0.12
1846,guest_1847,0.04
1847,guest_1848,0.11
1848,guest_1849,0.19
1849,guest_1850,0.15
1850,guest_1851,0.14
1851,guest_1852,0.17
1852,guest_1853,0.01
1853,guest_1854,0.13
1854,guest_1855,0.13
1855,guest_1856,0.02
1856,guest_1857,0.08
1857,guest_1858,0.06
1858,guest_1859,0.16
1859,guest_1860,0.19
1860,guest_1861,0.07
1861,guest_1862,0.15
1862,guest_1863,0.09
1863,guest_1864,0.12
1864,guest_1865,0.09
1865,guest_1866,0.08
1866,guest_1867,0.17
1867,guest_1868,0.17
1868,guest_1869,0.04
1869,guest_1870,0.02
1870,guest_1871,0.09
1871,guest_1872,0
1872,guest_1873,0.11
1873,guest_1874,0.1
1874,guest_1875,0.06
1875,guest_1876,0.14
1876,guest_1877,0.01
1877,guest_1878,0.15
1878,guest_1879,0.15
1879,guest_1880,0.04
1880,guest_1881,0.07
1881,guest_1882,0.16
1882,guest_1883,0.02
1883,guest_1884,0.03
1884,guest_1885,0.12
1885,guest_1886,0.08
1886,guest_1887,0.08
1887,guest_1888,0.05
1888,guest_1889,0.06
1889,guest_1890,0.12
1890,guest_1891,0.07
1891,guest_1892,0.07
1892,guest_1893,0
1893,guest_1894,0.15
1894,guest_1895,0.13
1895,guest_1896,0.14
1896,guest_1897,0.1
1897,guest_1898,0.11
1898,guest_1899,0.08
1899,guest_1900,0.16
1900,guest_1901,0.09
1901,guest_1902,0.1
1902,guest_1903,0.1
1903,guest_1904,0.06
1904,guest_1905,0.02
1905,guest_1906,0.18
1906,guest_1907,0.06
1907,guest_1908,0.11
1908,guest_1909,0.18
1909,guest_1910,0.12
1910,guest_1911,0.19
1911,guest_1912,0.12
1912,guest_1913,0.07
1913,guest_1914,0.06
1914,guest_1915,0.11
1915,guest_1916,0.01
1916,guest_1917,0.12
1917,guest_1918,0.12
1918,guest_1919,0.11
1919,guest_1920,0.19
1920,guest_1921,0.12
1921,guest_1922,0.14
1922,guest_1923,0.02
1923,guest_1924,0.12
1924,guest_1925,0.06
1925,guest_1926,0.15
1926,guest_1927,0.16
1927,guest_1928,0.04
1928,guest_1929,0.06
1929,guest_1930,0.11
1930,guest_1931,0.11
1931,guest_1932,0.1
1932,guest_1933,0.08
1933,guest_1934,0.11
1934,guest_1935,0.18
1935,guest_1936,0.15
1936,guest_1937,0.19
1937,guest_1938,0.02
1938,guest_1939,0.01
1939,guest_1940,0.18
1940,guest_1941,0.01
1941,guest_1942,0.14
1942,guest_1943,0.12
1943,guest_1944,0.05
1944,guest_1945,0.04
1945,guest_1946,0.19
1946,guest_1947,0.15
1947,guest_1948,0.02
1948,guest_1949,0.06
1949,guest_1950,0.19
1950,guest_1951,0.17
1951,guest_1952,0.04
1952,guest_1953,0.05
1953,guest_1954,0.1
1954,guest_1955,0.19
1955,guest_1956,0.08
1956,guest_1957,0.1
1957,guest_1958,0.12
1958,guest_1959,0.17
1959,guest_1960,0.19
1960,guest_1961,0.17
1961,guest_1962,0
1962,guest_1963,0.09
1963,guest_1964,0.18
1964,guest_1965,0
1965,guest_1966,0.03
1966,guest_1967,0.11
1967,guest_1968,0.12
1968,guest_1969,0.05
1969,guest_1970,0.13
1970,guest_1971,0.17
1971,guest_1972,0.02
1972,guest_1973,0.13
1973,guest_1974,0.19
1974,guest_1975,0.07
1975,guest_1976,0.09
1976,guest_1977,0.17
1977,guest_1978,0.06
1978,guest_1979,0.01
1979,guest_1980,0.12
1980,guest_1981,0.18
1981,guest_1982,0.12
1982,guest_1983,0.05
1983,guest_1984,0.17
1984,guest_1985,0.16
1985,guest_1986,0.04
1986,guest_1987,0.18
1987,guest_1988,0.06
1988,guest_1989,0.17
1989,guest_1990,0.11
1990,guest_1991,0.1
1991,guest_1992,0.18
1992,guest_1993,0.01
1993,guest_1994,0.02
1994,guest_1995,0.02
1995,guest_1996,0.11
1996,guest_1997,0.07
1997,guest_1998,0.1
1998,guest_1999,0.1
1999,guest_2000,0.04
2000,guest_2001,0.16
2001,guest_2002,0.02
2002,guest_2003,0
2003,guest_2004,0.05
2004,guest_2005,0.05
2005,guest_2006,0.19
2006,guest_2007,0.09
2007,guest_2008,0.13
2008,guest_2009,0.18
2009,guest_2010,0.02
2010,guest_2011,0.17
2011,guest_2012,0.12
2012,guest_2013,0.07
2013,guest_2014,0.17
2014,guest_2015,0.17
2015,guest_2016,0.05
2016,guest_2017,0.06
2017,guest_2018,0.09
2018,guest_2019,0.18
2019,guest_2020,0
2020,guest_2021,0.19
2021,guest_2022,0.15
2022,guest_2023,0.03
2023,guest_2024,0
2024,guest_2025,0.16
2025,guest_2026,0.11
2026,guest_2027,0.12
2027,guest_2028,0.15
2028,guest_2029,0.14
2029,guest_2030,0.11
2030,guest_2031,0.09
2031,guest_2032,0.09
2032,guest_2033,0.08
2033,guest_2034,0.16
2034,guest_2035,0.14
2035,guest_2036,0.1
2036,guest_2037,0.16
2037,guest_2038,0.08
2038,guest_2039,0.02
2039,guest_2040,0.03
2040,guest_2041,0.06
2041,guest_2042,0.16
2042,guest_2043,0.01
2043,guest_2044,0.05
2044,guest_2045,0.12
2045,guest_2046,0.02
2046,guest_2047,0.08
2047,guest_2048,0.14
2048,guest_2049,0.03
2049,guest_2050,0.05
2050,guest_2051,0.16
2051,guest_2052,0.12
2052,guest_2053,0.17
2053,guest_2054,0.16
2054,guest_2055,0.05
2055,guest_2056,0.16
2056,guest_2057,0.02
2057,guest_2058,0.18
2058,guest_2059,0.02
2059,guest_2060,0.02
2060,guest_2061,0.18
2061,guest_2062,0.05
2062,guest_2063,0.1
2063,guest_2064,0.12
2064,guest_2065,0.02
2065,guest_2066,0.19
2066,guest_2067,0.18
2067,guest_2068,0.16
2068,guest_2069,0.14
2069,guest_2070,0.15
2070,guest_2071,0.14
2071,guest_2072,0.02
2072,guest_2073,0.1
2073,guest_2074,0.12
2074,guest_2075,0.01
2075,guest_2076,0.13
2076,guest_2077,0.14
2077,guest_2078,0.03
2078,guest_2079,0.09
2079,guest_2080,0.09
2080,guest_2081,0.06
2081,guest_2082,0.16
2082,guest_2083,0.01
2083,guest_2084,0.01
2084,guest_2085,0.04
2085,guest_2086,0.16
2086,guest_2087,0.15
2087,guest_2088,0.05
2088,guest_2089,0.03
2089,guest_2090,0.16
2090,guest_2091,0.08
2091,guest_2092,0.06
2092,guest_2093,0.01
2093,guest_2094,0.16
2094,guest_2095,0.11
2095,guest_2096,0.03
2096,guest_2097,0.12
2097,guest_2098,0.18
2098,guest_2099,0.02
2099,guest_2100,0.09
2100,guest_2101,0
2101,guest_2102,0.17
2102,guest_2103,0.16
2103,guest_2104,0.16
2104,guest_2105,0.09
2105,guest_2106,0.19
2106,guest_2107,0.14
2107,guest_2108,0.1
2108,guest_2109,0
2109,guest_2110,0.13
2110,guest_2111,0.01
2111,guest_2112,0.05
2112,guest_2113,0.16
2113,guest_2114,0.13
2114,guest_2115,0.12
2115,guest_2116,0.19
2116,guest_2117,0.11
2117,guest_2118,0.17
2118,guest_2119,0
2119,guest_2120,0.16
2120,guest_2121,0.07
2121,guest_2122,0
2122,guest_2123,0.05
2123,guest_2124,0.05
2124,guest_2125,0.02
2125,guest_2126,0.17
2126,guest_2127,0
2127,guest_2128,0.1
2128,guest_2129,0.05
2129,guest_2130,0.07
2130,guest_2131,0.1
2131,guest_2132,0.17
2132,guest_2133,0.17
2133,guest_2134,0.19
2134,guest_2135,0.06
2135,guest_2136,0.03
2136,guest_2137,0.18
2137,guest_2138,0.19
2138,guest_2139,0.06
2139,guest_2140,0.08
2140,guest_2141,0.04
2141,guest_2142,0.18
2142,guest_2143,0.07
2143,guest_2144,0.13
2144,guest_2145,0.1
2145,guest_2146,0.17
2146,guest_2147,0.14
2147,guest_2148,0.07
2148,guest_2149,0.01
2149,guest_2150,0.11
2150,guest_2151,0.03
2151,guest_2152,0.15
2152,guest_2153,0.06
2153,guest_2154,0.03
2154,guest_2155,0.08
2155,guest_2156,0
2156,guest_2157,0.14
2157,guest_2158,0.1
2158,guest_2159,0.19
2159,guest_2160,0.18
2160,guest_2161,0.18
2161,guest_2162,0.18
2162,guest_2163,0.08
2163,guest_2164,0.1
2164,guest_2165,0.15
2165,guest_2166,0.17
2166,guest_2167,0.05
2167,guest_2168,0.14
2168,guest_2169,0
2169,guest_2170,0.09
2170,guest_2171,0.05
2171,guest_2172,0.08
2172,guest_2173,0.06
2173,guest_2174,0.02
2174,guest_2175,0.15
2175,guest_2176,0.18
2176,guest_2177,0.07
2177,guest_2178,0.16
2178,guest_2179,0.01
2179,guest_2180,0.11
2180,guest_2181,0.15
2181,guest_2182,0.15
2182,guest_2183,0.12
2183,guest_2184,0.05
2184,guest_2185,0.11
2185,guest_2186,0.02
2186,guest_2187,0.03
2187,guest_2188,0.1
2188,guest_2189,0.02
2189,guest_2190,0.18
2190,guest_2191,0.03
2191,guest_2192,0.11
2192,guest_2193,0.17
2193,guest_2194,0.08
2194,guest_2195,0.02
2195,guest_2196,0.12
2196,guest_2197,0.08
2197,guest_2198,0.16
2198,guest_2199,0.08
2199,guest_2200,0.08
2200,guest_2201,0.04
2201,guest_2202,0.17
2202,guest_2203,0.12
2203,guest_2204,0.04
2204,guest_2205,0
2205,guest_2206,0.17
2206,guest_2207,0.17
2207,guest_2208,0.03
2208,guest_2209,0.1
2209,guest_2210,0.13
2210,guest_2211,0
2211,guest_2212,0.03
2212,guest_2213,0.15
2213,guest_2214,0.02
2214,guest_2215,0.02
2215,guest_2216,0.09
2216,guest_2217,0.18
2217,guest_2218,0.01
2218,guest_2219,0.11
2219,guest_2220,0.1
2220,guest_2221,0.01
2221,guest_2222,0.14
2222,guest_2223,0.08
2223,guest_2224,0.19
2224,guest_2225,0
2225,guest_2226,0.06
2226,guest_2227,0.07
2227,guest_2228,0.04
2228,guest_2229,0.05
2229,guest_2230,0.01
2230,guest_2231,0.19
2231,guest_2232,0.15
2232,guest_2233,0.07
2233,guest_2234,0.16
2234,guest_2235,0.02
2235,guest_2236,0.19
2236,guest_2237,0.12
2237,guest_2238,0.11
2238,guest_2239,0.14
2239,guest_2240,0.12
2240,guest_2241,0.03
2241,guest_2242,0.02
2242,guest_2243,0.09
2243,guest_2244,0.04
2244,guest_2245,0.18
2245,guest_2246,0.15
2246,guest_2247,0.05
2247,guest_2248,0.19
2248,guest_2249,0.01
2249,guest_2250,0
2250,guest_2251,0.05
2251,guest_2252,0.04
2252,guest_2253,0.04
2253,guest_2254,0.14
2254,guest_2255,0.03
2255,guest_2256,0.14
2256,guest_2257,0.09
2257,guest_2258,0.13
2258,guest_2259,0.14
2259,guest_2260,0.1
2260,guest_2261,0
2261,guest_2262,0.16
2262,guest_2263,0.12
2263,guest_2264,0.07
2264,guest_2265,0.07
2265,guest_2266,0.04
2266,guest_2267,0.19
2267,guest_2268,0.13
2268,guest_2269,0.11
2269,guest_2270,0.09
2270,guest_2271,0.17
2271,guest_2272,0.14
2272,guest_2273,0.04
2273,guest_2274,0.11
2274,guest_2275,0.14
2275,guest_2276,0.03
2276,guest_2277,0.05
2277,guest_2278,0.19
2278,guest_2279,0.16
2279,guest_2280,0.09
2280,guest_2281,0.07
2281,guest_2282,0.13
2282,guest_2283,0.15
2283,guest_2284,0.17
2284,guest_2285,0.04
2285,guest_2286,0.14
2286,guest_2287,0.14
2287,guest_2288,0.18
2288,guest_2289,0.03
2289,guest_2290,0.1
2290,guest_2291,0.05
2291,guest_2292,0.03
2292,guest_2293,0.1
2293,guest_2294,0.05
2294,guest_2295,0.02
2295,guest_2296,0.03
2296,guest_2297,0.05
2297,guest_2298,0.15
2298,guest_2299,0.1
2299,guest_2300,0.01
2300,guest_2301,0.08
2301,guest_2302,0.16
2302,guest_2303,0.03
2303,guest_2304,0.05
2304,guest_2305,0.12
2305,guest_2306,0.15
2306,guest_2307,0.12
2307,guest_2308,0.02
2308,guest_2309,0.14
2309,guest_2310,0.04
2310,guest_2311,0.16
2311,guest_2312,0.11
2312,guest_2313,0.18
2313,guest_2314,0.01
2314,guest_2315,0.17
2315,guest_2316,0.09
2316,guest_2317,0.1
2317,guest_2318,0.05
2318,guest_2319,0.11
2319,guest_2320,0.04
2320,guest_2321,0
2321,guest_2322,0.05
2322,guest_2323,0.04
2323,guest_2324,0.08
2324,guest_2325,0.18
2325,guest_2326,0.02
2326,guest_2327,0.17
2327,guest_2328,0.15
2328,guest_2329,0.04
2329,guest_2330,0.14
2330,guest_2331,0.07
2331,guest_2332,0.06
2332,guest_2333,0.19
2333,guest_2334,0.17
2334,guest_2335,0.15
2335,guest_2336,0.12
2336,guest_2337,0.02
2337,guest_2338,0.12
2338,guest_2339,0
2339,guest_2340,0.15
2340,guest_2341,0.05
2341,guest_2342,0.01
2342,guest_2343,0.02
2343,guest_2344,0.12
2344,guest_2345,0.05
2345,guest_2346,0.05
2346,guest_2347,0.18
2347,guest_2348,0.19
2348,guest_2349,0.1
2349,guest_2350,0.17
2350,guest_2351,0.14
2351,guest_2352,0.16
2352,guest_2353,0.19
2353,guest_2354,0.07
2354,guest_2355,0.09
2355,guest_2356,0.09
2356,guest_2357,0.07
2357,guest_2358,0.05
2358,guest_2359,0.19
2359,guest_2360,0.17
2360,guest_2361,0.15
2361,guest_2362,0.14
2362,guest_2363,0.06
2363,guest_2364,0.15
2364,guest_2365,0.19
2365,guest_2366,0.19
2366,guest_2367,0.03
2367,guest_2368,0.15
2368,guest_2369,0.15
2369,guest_2370,0.1
2370,guest_2371,0.04
2371,guest_2372,0.03
2372,guest_2373,0.17
2373,guest_2374,0.07
2374,guest_2375,0.1
2375,guest_2376,0.12
2376,guest_2377,0.12
2377,guest_2378,0.02
2378,guest_2379,0.05
2379,guest_2380,0.05
2380,guest_2381,0.19
2381,guest_2382,0.11
2382,guest_2383,0.03
2383,guest_2384,0.1
2384,guest_2385,0
2385,guest_2386,0.1
2386,guest_2387,0.01
2387,guest_2388,0.02
2388,guest_2389,0.05
2389,guest_2390,0.01
2390,guest_2391,0
2391,guest_2392,0.16
2392,guest_2393,0.01
2393,guest_2394,0.11
2394,guest_2395,0.19
2395,guest_2396,0.1
2396,guest_2397,0.19
2397,guest_2398,0.05
2398,guest_2399,0.19
2399,guest_2400,0.18
2400,guest_2401,0.11
2401,guest_2402,0.05
2402,guest_2403,0.13
2403,guest_2404,0.08
2404,guest_2405,0.02
2405,guest_2406,0.14
2406,guest_2407,0.04
2407,guest_2408,0.07
2408,guest_2409,0.15
2409,guest_2410,0.06
2410,guest_2411,0.17
2411,guest_2412,0
2412,guest_2413,0.17
2413,guest_2414,0.12
2414,guest_2415,0.17
2415,guest_2416,0.14
2416,guest_2417,0.02
2417,guest_2418,0.01
2418,guest_2419,0.15
2419,guest_2420,0.02
2420,guest_2421,0.1
2421,guest_2422,0.04
2422,guest_2423,0.06
2423,guest_2424,0.03
2424,guest_2425,0
2425,guest_2426,0.13
2426,guest_2427,0.12
2427,guest_2428,0.02
2428,guest_2429,0
2429,guest_2430,0.02
2430,guest_2431,0.1
2431,guest_2432,0.09
2432,guest_2433,0.13
2433,guest_2434,0.06
2434,guest_2435,0.03
2435,guest_2436,0.11
2436,guest_2437,0.02
2437,guest_2438,0.15
2438,guest_2439,0.01
2439,guest_2440,0.11
2440,guest_2441,0
2441,guest_2442,0.04
2442,guest_2443,0.18
2443,guest_2444,0.15
2444,guest_2445,0.19
2445,guest_2446,0.11
2446,guest_2447,0.02
2447,guest_2448,0.04
2448,guest_2449,0.13
2449,guest_2450,0.19
2450,guest_2451,0.09
2451,guest_2452,0.06
2452,guest_2453,0.19
2453,guest_2454,0.11
2454,guest_2455,0.08
2455,guest_2456,0.19
2456,guest_2457,0.02
2457,guest_2458,0.07
2458,guest_2459,0.03
2459,guest_2460,0
2460,guest_2461,0.02
2461,guest_2462,0.17
2462,guest_2463,0.13
2463,guest_2464,0.14
2464,guest_2465,0.03
2465,guest_2466,0.13
2466,guest_2467,0.1
2467,guest_2468,0.19
2468,guest_2469,0.04
2469,guest_2470,0.08
2470,guest_2471,0.07
2471,guest_2472,0.02
2472,guest_2473,0.15
2473,guest_2474,0.16
2474,guest_2475,0.01
2475,guest_2476,0.02
2476,guest_2477,0.04
2477,guest_2478,0.16
2478,guest_2479,0.15
2479,guest_2480,0.04
2480,guest_2481,0.02
2481,guest_2482,0.11
2482,guest_2483,0.19
2483,guest_2484,0.15
2484,guest_2485,0.16
2485,guest_2486,0.12
2486,guest_2487,0.18
2487,guest_2488,0
2488,guest_2489,0.12
2489,guest_2490,0.03
2490,guest_2491,0.07
2491,guest_2492,0.07
2492,guest_2493,0.02
2493,guest_2494,0.13
2494,guest_2495,0.14
2495,guest_2496,0.08
2496,guest_2497,0.06
2497,guest_2498,0.16
2498,guest_2499,0.02
2499,guest_2500,0.07
2500,guest_2501,0.11
2501,guest_2502,0.18
2502,guest_2503,0.11
2503,guest_2504,0.06
2504,guest_2505,0.09
2505,guest_2506,0.09
2506,guest_2507,0.17
2507,guest_2508,0.11
2508,guest_2509,0.09
2509,guest_2510,0
2510,guest_2511,0.16
2511,guest_2512,0.03
2512,guest_2513,0.07
2513,guest_2514,0.18
2514,guest_2515,0.19
2515,guest_2516,0.15
2516,guest_2517,0.14
2517,guest_2518,0.08
2518,guest_2519,0
2519,guest_2520,0.1
2520,guest_2521,0.04
2521,guest_2522,0.15
2522,guest_2523,0.02
2523,guest_2524,0.18
2524,guest_2525,0.13
2525,guest_2526,0.17
2526,guest_2527,0.01
2527,guest_2528,0.19
2528,guest_2529,0.15
2529,guest_2530,0.18
2530,guest_2531,0.06
2531,guest_2532,0.02
2532,guest_2533,0.17
2533,guest_2534,0.03
2534,guest_2535,0.11
2535,guest_2536,0.17
2536,guest_2537,0.1
2537,guest_2538,0.05
2538,guest_2539,0.03
2539,guest_2540,0.1
2540,guest_2541,0.02
2541,guest_2542,0.09
2542,guest_2543,0.02
2543,guest_2544,0.13
2544,guest_2545,0.13
2545,guest_2546,0.03
2546,guest_2547,0.1
2547,guest_2548,0.07
2548,guest_2549,0.18
2549,guest_2550,0.02
2550,guest_2551,0.05
2551,guest_2552,0
2552,guest_2553,0.14
2553,guest_2554,0.04
2554,guest_2555,0.15
2555,guest_2556,0.15
2556,guest_2557,0.12
2557,guest_2558,0.1
2558,guest_2559,0.01
2559,guest_2560,0.06
2560,guest_2561,0.11
2561,guest_2562,0.1
2562,guest_2563,0.05
2563,guest_2564,0.18
2564,guest_2565,0.17
2565,guest_2566,0.01
2566,guest_2567,0.01
2567,guest_2568,0.02
2568,guest_2569,0.04
2569,guest_2570,0.04
2570,guest_2571,0.14
2571,guest_2572,0.08
2572,guest_2573,0.18
2573,guest_2574,0.18
2574,guest_2575,0.19
2575,guest_2576,0.01
2576,guest_2577,0.16
2577,guest_2578,0.05
2578,guest_2579,0.13
2579,guest_2580,0.01
2580,guest_2581,0.17
2581,guest_2582,0.15
2582,guest_2583,0.19
2583,guest_2584,0.09
2584,guest_2585,0.18
2585,guest_2586,0.08
2586,guest_2587,0.18
2587,guest_2588,0.03
2588,guest_2589,0.18
2589,guest_2590,0.06
2590,guest_2591,0.14
2591,guest_2592,0.05
2592,guest_2593,0.18
2593,guest_2594,0.15
2594,guest_2595,0
2595,guest_2596,0
2596,guest_2597,0.15
2597,guest_2598,0.17
2598,guest_2599,0.01
2599,guest_2600,0.06
2600,guest_2601,0.1
2601,guest_2602,0.06
2602,guest_2603,0.1
2603,guest_2604,0.02
2604,guest_2605,0.18
2605,guest_2606,0.06
2606,guest_2607,0.17
2607,guest_2608,0.08
2608,guest_2609,0.03
2609,guest_2610,0.17
2610,guest_2611,0.08
2611,guest_2612,0.1
2612,guest_2613,0.07
2613,guest_2614,0.06
2614,guest_2615,0.06
2615,guest_2616,0.15
2616,guest_2617,0.13
2617,guest_2618,0.17
2618,guest_2619,0.18
2619,guest_2620,0.09
2620,guest_2621,0.1
2621,guest_2622,0.09
2622,guest_2623,0.1
2623,guest_2624,0.06
2624,guest_2625,0
2625,guest_2626,0.04
2626,guest_2627,0.15
2627,guest_2628,0.12
2628,guest_2629,0.08
2629,guest_2630,0.05
2630,guest_2631,0
2631,guest_2632,0.13
2632,guest_2633,0.19
2633,guest_2634,0.11
2634,guest_2635,0
2635,guest_2636,0.05
2636,guest_2637,0
2637,guest_2638,0.11
2638,guest_2639,0.09
2639,guest_2640,0.1
2640,guest_2641,0.18
2641,guest_2642,0.08
2642,guest_2643,0.03
2643,guest_2644,0.11
2644,guest_2645,0.11
2645,guest_2646,0.12
2646,guest_2647,0.19
2647,guest_2648,0.11
2648,guest_2649,0.17
2649,guest_2650,0.01
2650,guest_2651,0.14
2651,guest_2652,0.11
2652,guest_2653,0.16
2653,guest_2654,0.07
2654,guest_2655,0.13
2655,guest_2656,0.15
2656,guest_2657,0.1
2657,guest_2658,0.12
2658,guest_2659,0.08
2659,guest_2660,0.15
2660,guest_2661,0.08
2661,guest_2662,0.13
2662,guest_2663,0.11
2663,guest_2664,0
2664,guest_2665,0.03
2665,guest_2666,0.09
2666,guest_2667,0.1
2667,guest_2668,0.12
2668,guest_2669,0
2669,guest_2670,0.03
2670,guest_2671,0.02
2671,guest_2672,0.05
2672,guest_2673,0.09
2673,guest_2674,0.05
2674,guest_2675,0
2675,guest_2676,0.09
2676,guest_2677,0.14
2677,guest_2678,0
2678,guest_2679,0.02
2679,guest_2680,0.14
2680,guest_2681,0.05
2681,guest_2682,0.03
2682,guest_2683,0.11
2683,guest_2684,0.19
2684,guest_2685,0.04
2685,guest_2686,0.15
2686,guest_2687,0.14
2687,guest_2688,0.19
2688,guest_2689,0.04
2689,guest_2690,0.13
2690,guest_2691,0.13
2691,guest_2692,0.11
2692,guest_2693,0.13
2693,guest_2694,0.17
2694,guest_2695,0.02
2695,guest_2696,0.07
2696,guest_2697,0.17
2697,guest_2698,0.09
2698,guest_2699,0.01
2699,guest_2700,0.13
2700,guest_2701,0.15
2701,guest_2702,0.14
2702,guest_2703,0.08
2703,guest_2704,0.04
2704,guest_2705,0.14
2705,guest_2706,0.02
2706,guest_2707,0.14
2707,guest_2708,0.02
2708,guest_2709,0
2709,guest_2710,0
2710,guest_2711,0.08
2711,guest_2712,0.14
2712,guest_2713,0
2713,guest_2714,0.08
2714,guest_2715,0.03
2715,guest_2716,0.15
2716,guest_2717,0.13
2717,guest_2718,0.08
2718,guest_2719,0.11
2719,guest_2720,0.03
2720,guest_2721,0.17
2721,guest_2722,0.11
2722,guest_2723,0.18
2723,guest_2724,0.12
2724,guest_2725,0.13
2725,guest_2726,0.14
2726,guest_2727,0.08
2727,guest_2728,0.05
2728,guest_2729,0.01
2729,guest_2730,0.16
2730,guest_2731,0.01
2731,guest_2732,0.06
2732,guest_2733,0.03
2733,guest_2734,0.19
2734,guest_2735,0.03
2735,guest_2736,0.07
2736,guest_2737,0.11
2737,guest_2738,0.08
2738,guest_2739,0.19
2739,guest_2740,0.17
2740,guest_2741,0.12
2741,guest_2742,0.15
2742,guest_2743,0.11
2743,guest_2744,0.12
2744,guest_2745,0.07
2745,guest_2746,0.05
2746,guest_2747,0.08
2747,guest_2748,0.09
2748,guest_2749,0.14
2749,guest_2750,0.03
2750,guest_2751,0.12
2751,guest_2752,0.12
2752,guest_2753,0.05
2753,guest_2754,0.14
2754,guest_2755,0.07
2755,guest_2756,0
2756,guest_2757,0.05
2757,guest_2758,0.03
2758,guest_2759,0.19
2759,guest_2760,0.09
2760,guest_2761,0.16
2761,guest_2762,0.18
2762,guest_2763,0.02
2763,guest_2764,0.02
2764,guest_2765,0.02
2765,guest_2766,0.08
2766,guest_2767,0.16
2767,guest_2768,0.03
2768,guest_2769,0.02
2769,guest_2770,0.08
2770,guest_2771,0.09
2771,guest_2772,0.18
2772,guest_2773,0.12
2773,guest_2774,0.19
2774,guest_2775,0.07
2775,guest_2776,0.17
2776,guest_2777,0.05
2777,guest_2778,0.11
2778,guest_2779,0.04
2779,guest_2780,0
2780,guest_2781,0.01
2781,guest_2782,0.11
2782,guest_2783,0.02
2783,guest_2784,0.06
2784,guest_2785,0.06
2785,guest_2786,0.05
2786,guest_2787,0.19
2787,guest_2788,0.01
2788,guest_2789,0.03
2789,guest_2790,0.04
2790,guest_2791,0.08
2791,guest_2792,0.01
2792,guest_2793,0
2793,guest_2794,0.16
2794,guest_2795,0.16
2795,guest_2796,0.13
2796,guest_2797,0.19
2797,guest_2798,0.15
2798,guest_2799,0.04
2799,guest_2800,0.12
2800,guest_2801,0.02
2801,guest_2802,0.1
2802,guest_2803,0.08
2803,guest_2804,0.1
2804,guest_2805,0.1
2805,guest_2806,0.15
2806,guest_2807,0.09
2807,guest_2808,0.13
2808,guest_2809,0.06
2809,guest_2810,0.05
2810,guest_2811,0.03
2811,guest_2812,0.16
2812,guest_2813,0.13
2813,guest_2814,0.19
2814,guest_2815,0.09
2815,guest_2816,0.18
2816,guest_2817,0.06
2817,guest_2818,0.17
2818,guest_2819,0.07
2819,guest_2820,0.04
2820,guest_2821,0.16
2821,guest_2822,0.07
2822,guest_2823,0.15
2823,guest_2824,0.06
2824,guest_2825,0.16
2825,guest_2826,0
2826,guest_2827,0.13
2827,guest_2828,0.07
2828,guest_2829,0.12
2829,guest_2830,0.14
2830,guest_2831,0.01
2831,guest_2832,0.19
2832,guest_2833,0.09
2833,guest_2834,0.06
2834,guest_2835,0.09
2835,guest_2836,0.1
2836,guest_2837,0.07
2837,guest_2838,0.1
2838,guest_2839,0.14
2839,guest_2840,0.1
2840,guest_2841,0.13
2841,guest_2842,0.08
2842,guest_2843,0.09
2843,guest_2844,0.08
2844,guest_2845,0.19
2845,guest_2846,0.19
2846,guest_2847,0.15
2847,guest_2848,0
2848,guest_2849,0.11
2849,guest_2850,0.01
2850,guest_2851,0.04
2851,guest_2852,0.13
2852,guest_2853,0.13
2853,guest_2854,0.12
2854,guest_2855,0.19
2855,guest_2856,0
2856,guest_2857,0.01
2857,guest_2858,0.16
2858,guest_2859,0.14
2859,guest_2860,0.11
2860,guest_2861,0.18
2861,guest_2862,0.16
2862,guest_2863,0.06
2863,guest_2864,0.02
2864,guest_2865,0.05
2865,guest_2866,0.13
2866,guest_2867,0.06
2867,guest_2868,0.12
2868,guest_2869,0.16
2869,guest_2870,0.09
2870,guest_2871,0.18
2871,guest_2872,0.01
2872,guest_2873,0.01
2873,guest_2874,0.05
2874,guest_2875,0.13
2875,guest_2876,0.18
2876,guest_2877,0.08
2877,guest_2878,0.08
2878,guest_2879,0.02
2879,guest_2880,0.04
2880,guest_2881,0.16
2881,guest_2882,0.16
2882,guest_2883,0.12
2883,guest_2884,0.04
2884,guest_2885,0.19
2885,guest_2886,0.14
2886,guest_2887,0.11
2887,guest_2888,0.09
2888,guest_2889,0.04
2889,guest_2890,0.19
2890,guest_2891,0.14
2891,guest_2892,0.12
2892,guest_2893,0.13
2893,guest_2894,0.17
2894,guest_2895,0
2895,guest_2896,0.18
2896,guest_2897,0.14
2897,guest_2898,0.17
2898,guest_2899,0.15
2899,guest_2900,0.13
2900,guest_2901,0.19
2901,guest_2902,0.07
2902,guest_2903,0.15
2903,guest_2904,0.14
2904,guest_2905,0.12
2905,guest_2906,0.08
2906,guest_2907,0.13
2907,guest_2908,0.16
2908,guest_2909,0.16
2909,guest_2910,0.12
2910,guest_2911,0.19
2911,guest_2912,0.16
2912,guest_2913,0.05
2913,guest_2914,0.11
2914,guest_2915,0.12
2915,guest_2916,0.13
2916,guest_2917,0
2917,guest_2918,0.09
2918,guest_2919,0.19
2919,guest_2920,0.05
2920,guest_2921,0.15
2921,guest_2922,0.07
2922,guest_2923,0.05
2923,guest_2924,0.13
2924,guest_2925,0.15
2925,guest_2926,0.01
2926,guest_2927,0.08
2927,guest_2928,0.11
2928,guest_2929,0.13
2929,guest_2930,0
2930,guest_2931,0.02
2931,guest_2932,0.09
2932,guest_2933,0
2933,guest_2934,0.06
2934,guest_2935,0.18
2935,guest_2936,0.16
2936,guest_2937,0.14
2937,guest_2938,0.01
2938,guest_2939,0.18
2939,guest_2940,0.03
2940,guest_2941,0.05
2941,guest_2942,0.15
2942,guest_2943,0
2943,guest_2944,0.16
2944,guest_2945,0.08
2945,guest_2946,0.05
2946,guest_2947,0.12
2947,guest_2948,0.13
2948,guest_2949,0.15
2949,guest_2950,0.03
2950,guest_2951,0.06
2951,guest_2952,0.07
2952,guest_2953,0.18
2953,guest_2954,0.02
2954,guest_2955,0.03
2955,guest_2956,0.09
2956,guest_2957,0.08
2957,guest_2958,0
2958,guest_2959,0.08
2959,guest_2960,0.02
2960,guest_2961,0.06
2961,guest_2962,0.02
2962,guest_2963,0.07
2963,guest_2964,0.06
2964,guest_2965,0.01
2965,guest_2966,0.16
2966,guest_2967,0.02
2967,guest_2968,0.04
2968,guest_2969,0.15
2969,guest_2970,0.14
2970,guest_2971,0.17
2971,guest_2972,0.08
2972,guest_2973,0
2973,guest_2974,0.17
2974,guest_2975,0.08
2975,guest_2976,0.06
2976,guest_2977,0.12
2977,guest_2978,0.03
2978,guest_2979,0.06
2979,guest_2980,0.08
2980,guest_2981,0.02
2981,guest_2982,0.06
2982,guest_2983,0.16
2983,guest_2984,0.13
2984,guest_2985,0.11
2985,guest_2986,0
2986,guest_2987,0.05
2987,guest_2988,0.08
2988,guest_2989,0.07
2989,guest_2990,0.12
2990,guest_2991,0.08
2991,guest_2992,0.04
2992,guest_2993,0.08
2993,guest_2994,0.1
2994,guest_2995,0.13
2995,guest_2996,0.1
2996,guest_2997,0.09
2997,guest_2998,0.18
2998,guest_2999,0.07
2999,guest_3000,0.13
3000,guest_3001,0.07
3001,guest_3002,0.16
3002,guest_3003,0.17
3003,guest_3004,0.14
3004,guest_3005,0
3005,guest_3006,0.12
3006,guest_3007,0.12
3007,guest_3008,0.05
3008,guest_3009,0.17
3009,guest_3010,0.07
3010,guest_3011,0.08
3011,guest_3012,0.13
3012,guest_3013,0.04
3013,guest_3014,0.15
3014,guest_3015,0.12
3015,guest_3016,0.02
3016,guest_3017,0.12
3017,guest_3018,0.09
3018,guest_3019,0.13
3019,guest_3020,0
3020,guest_3021,0.09
3021,guest_3022,0.09
3022,guest_3023,0.02
3023,guest_3024,0
3024,guest_3025,0.18
3025,guest_3026,0.06
3026,guest_3027,0.12
3027,guest_3028,0.14
3028,guest_3029,0.15
3029,guest_3030,0.04
3030,guest_3031,0
3031,guest_3032,0.15
3032,guest_3033,0.18
3033,guest_3034,0.17
3034,guest_3035,0.08
3035,guest_3036,0.07
3036,guest_3037,0.15
3037,guest_3038,0.1
3038,guest_3039,0.02
3039,guest_3040,0.19
3040,guest_3041,0.15
3041,guest_3042,0.01
3042,guest_3043,0.17
3043,guest_3044,0
3044,guest_3045,0.12
3045,guest_3046,0.18
3046,guest_3047,0.1
3047,guest_3048,0.09
3048,guest_3049,0.05
3049,guest_3050,0.06
3050,guest_3051,0.02
3051,guest_3052,0.12
3052,guest_3053,0.13
3053,guest_3054,0.12
3054,guest_3055,0.14
3055,guest_3056,0.01
3056,guest_3057,0.18
3057,guest_3058,0.06
3058,guest_3059,0.13
3059,guest_3060,0.06
3060,guest_3061,0
3061,guest_3062,0.01
3062,guest_3063,0.09
3063,guest_3064,0.02
3064,guest_3065,0.18
3065,guest_3066,0.18
3066,guest_3067,0.03
3067,guest_3068,0.05
3068,guest_3069,0.01
3069,guest_3070,0.02
3070,guest_3071,0.15
3071,guest_3072,0.1
3072,guest_3073,0.1
3073,guest_3074,0.02
3074,guest_3075,0.14
3075,guest_3076,0.12
3076,guest_3077,0.11
3077,guest_3078,0.12
3078,guest_3079,0.15
3079,guest_3080,0.18
3080,guest_3081,0.16
3081,guest_3082,0.12
3082,guest_3083,0.12
3083,guest_3084,0.03
3084,guest_3085,0.19
3085,guest_3086,0.13
3086,guest_3087,0.09
3087,guest_3088,0.05
3088,guest_3089,0.01
3089,guest_3090,0.12
3090,guest_3091,0.06
3091,guest_3092,0.19
3092,guest_3093,0.19
3093,guest_3094,0.09
3094,guest_3095,0.1
3095,guest_3096,0.01
3096,guest_3097,0
3097,guest_3098,0.13
3098,guest_3099,0.18
3099,guest_3100,0.12
3100,guest_3101,0.18
3101,guest_3102,0.17
3102,guest_3103,0.02
3103,guest_3104,0.13
3104,guest_3105,0.19
3105,guest_3106,0.08
3106,guest_3107,0.08
3107,guest_3108,0.05
3108,guest_3109,0.14
3109,guest_3110,0.15
3110,guest_3111,0.02
3111,guest_3112,0.13
3112,guest_3113,0.05
3113,guest_3114,0.05
3114,guest_3115,0.05
3115,guest_3116,0.05
3116,guest_3117,0.03
3117,guest_3118,0.05
3118,guest_3119,0.09
3119,guest_3120,0.11
3120,guest_3121,0.05
3121,guest_3122,0.1
3122,guest_3123,0.12
3123,guest_3124,0.14
3124,guest_3125,0.18
3125,guest_3126,0.14
3126,guest_3127,0.14
3127,guest_3128,0.15
3128,guest_3129,0.03
3129,guest_3130,0.12
3130,guest_3131,0.18
3131,guest_3132,0.18
3132,guest_3133,0.12
3133,guest_3134,0.02
3134,guest_3135,0.02
3135,guest_3136,0.08
3136,guest_3137,0.01
3137,guest_3138,0.05
3138,guest_3139,0.14
3139,guest_3140,0.16
3140,guest_3141,0
3141,guest_3142,0.03
3142,guest_3143,0.12
3143,guest_3144,0.11
3144,guest_3145,0.06
3145,guest_3146,0.11
3146,guest_3147,0.02
3147,guest_3148,0.17
3148,guest_3149,0.04
3149,guest_3150,0.05
3150,guest_3151,0.02
3151,guest_3152,0.11
3152,guest_3153,0.07
3153,guest_3154,0.07
3154,guest_3155,0.04
3155,guest_3156,0.11
3156,guest_3157,0.04
3157,guest_3158,0.01
3158,guest_3159,0.01
3159,guest_3160,0.12
3160,guest_3161,0.06
3161,guest_3162,0.03
3162,guest_3163,0.13
3163,guest_3164,0.1
3164,guest_3165,0.07
3165,guest_3166,0.05
3166,guest_3167,0.18
3167,guest_3168,0.03
3168,guest_3169,0.17
3169,guest_3170,0.05
3170,guest_3171,0.15
3171,guest_3172,0
3172,guest_3173,0.14
3173,guest_3174,0.03
3174,guest_3175,0.11
3175,guest_3176,0.08
3176,guest_3177,0.01
3177,guest_3178,0.04
3178,guest_3179,0.15
3179,guest_3180,0.17
3180,guest_3181,0.06
3181,guest_3182,0.07
3182,guest_3183,0.16
3183,guest_3184,0.12
3184,guest_3185,0.05
3185,guest_3186,0.16
3186,guest_3187,0.16
3187,guest_3188,0.05
3188,guest_3189,0.1
3189,guest_3190,0.15
3190,guest_3191,0.08
3191,guest_3192,0.08
3192,guest_3193,0.03
3193,guest_3194,0.1
3194,guest_3195,0.03
3195,guest_3196,0.04
3196,guest_3197,0.11
3197,guest_3198,0.12
3198,guest_3199,0.19
3199,guest_3200,0.02
3200,guest_3201,0.08
3201,guest_3202,0
3202,guest_3203,0.11
3203,guest_3204,0.16
3204,guest_3205,0.18
3205,guest_3206,0.08
3206,guest_3207,0.07
3207,guest_3208,0.19
3208,guest_3209,0.07
3209,guest_3210,0.04
3210,guest_3211,0.19
3211,guest_3212,0.09
3212,guest_3213,0.16
3213,guest_3214,0.14
3214,guest_3215,0.1
3215,guest_3216,0.12
3216,guest_3217,0.04
3217,guest_3218,0.04
3218,guest_3219,0.07
3219,guest_3220,0.18
3220,guest_3221,0.17
3221,guest_3222,0.18
3222,guest_3223,0.13
3223,guest_3224,0.02
3224,guest_3225,0.1
3225,guest_3226,0.16
3226,guest_3227,0.02
3227,guest_3228,0.13
3228,guest_3229,0.07
3229,guest_3230,0.11
3230,guest_3231,0.02
3231,guest_3232,0.19
3232,guest_3233,0.14
3233,guest_3234,0.09
3234,guest_3235,0.11
3235,guest_3236,0.02
3236,guest_3237,0.17
3237,guest_3238,0.17
3238,guest_3239,0.01
3239,guest_3240,0.18
3240,guest_3241,0.18
3241,guest_3242,0
3242,guest_3243,0.06
3243,guest_3244,0.06
3244,guest_3245,0.19
3245,guest_3246,0.11
3246,guest_3247,0.05
3247,guest_3248,0.16
3248,guest_3249,0.01
3249,guest_3250,0.15
3250,guest_3251,0.17
3251,guest_3252,0.12
3252,guest_3253,0.02
3253,guest_3254,0.06
3254,guest_3255,0.05
3255,guest_3256,0.17
3256,guest_3257,0.03
3257,guest_3258,0.01
3258,guest_3259,0.18
3259,guest_3260,0.06
3260,guest_3261,0.17
3261,guest_3262,0.11
3262,guest_3263,0.17
3263,guest_3264,0.1
3264,guest_3265,0.12
3265,guest_3266,0.02
3266,guest_3267,0.1
3267,guest_3268,0.13
3268,guest_3269,0.07
3269,guest_3270,0.08
3270,guest_3271,0.14
3271,guest_3272,0.04
3272,guest_3273,0.08
3273,guest_3274,0.09
3274,guest_3275,0
3275,guest_3276,0.16
3276,guest_3277,0.11
3277,guest_3278,0.08
3278,guest_3279,0.12
3279,guest_3280,0
3280,guest_3281,0.02
3281,guest_3282,0.19
3282,guest_3283,0.11
3283,guest_3284,0.19
3284,guest_3285,0.18
3285,guest_3286,0.11
3286,guest_3287,0.14
3287,guest_3288,0.05
3288,guest_3289,0.18
3289,guest_3290,0.11
3290,guest_3291,0.06
3291,guest_3292,0.14
3292,guest_3293,0.15
3293,guest_3294,0.12
3294,guest_3295,0
3295,guest_3296,0.11
3296,guest_3297,0.04
3297,guest_3298,0.13
3298,guest_3299,0.1
3299,guest_3300,0.03
3300,guest_3301,0.12
3301,guest_3302,0.01
3302,guest_3303,0.1
3303,guest_3304,0.08
3304,guest_3305,0.17
3305,guest_3306,0.12
3306,guest_3307,0.17
3307,guest_3308,0.02
3308,guest_3309,0.09
3309,guest_3310,0.02
3310,guest_3311,0.07
3311,guest_3312,0.16
3312,guest_3313,0.06
3313,guest_3314,0.03
3314,guest_3315,0.05
3315,guest_3316,0.01
3316,guest_3317,0.15
3317,guest_3318,0.04
3318,guest_3319,0
3319,guest_3320,0.07
3320,guest_3321,0.01
3321,guest_3322,0.17
3322,guest_3323,0.16
3323,guest_3324,0
3324,guest_3325,0.05
3325,guest_3326,0.05
3326,guest_3327,0.05
3327,guest_3328,0.13
3328,guest_3329,0.1
3329,guest_3330,0
3330,guest_3331,0.18
3331,guest_3332,0
3332,guest_3333,0.12
3333,guest_3334,0.07
3334,guest_3335,0.17
3335,guest_3336,0.11
3336,guest_3337,0.05
3337,guest_3338,0.09
3338,guest_3339,0.19
3339,guest_3340,0.17
3340,guest_3341,0.02
3341,guest_3342,0.06
3342,guest_3343,0.01
3343,guest_3344,0.15
3344,guest_3345,0.02
3345,guest_3346,0.07
3346,guest_3347,0.17
3347,guest_3348,0.03
3348,guest_3349,0.04
3349,guest_3350,0.04
3350,guest_3351,0.08
3351,guest_3352,0.17
3352,guest_3353,0.05
3353,guest_3354,0.04
3354,guest_3355,0.15
3355,guest_3356,0.12
3356,guest_3357,0.03
3357,guest_3358,0.07
3358,guest_3359,0.11
3359,guest_3360,0.19
3360,guest_3361,0.1
3361,guest_3362,0.02
3362,guest_3363,0.02
3363,guest_3364,0.1
3364,guest_3365,0.19
3365,guest_3366,0.12
3366,guest_3367,0.19
3367,guest_3368,0.03
3368,guest_3369,0.17
3369,guest_3370,0.06
3370,guest_3371,0.05
3371,guest_3372,0.05
3372,guest_3373,0.05
3373,guest_3374,0.05
3374,guest_3375,0.08
3375,guest_3376,0.16
3376,guest_3377,0.07
3377,guest_3378,0.08
3378,guest_3379,0.16
3379,guest_3380,0.11
3380,guest_3381,0.19
3381,guest_3382,0.05
3382,guest_3383,0.15
3383,guest_3384,0.13
3384,guest_3385,0.15
3385,guest_3386,0.05
3386,guest_3387,0.14
3387,guest_3388,0.16
3388,guest_3389,0.08
3389,guest_3390,0.11
3390,guest_3391,0.06
3391,guest_3392,0.07
3392,guest_3393,0.17
3393,guest_3394,0.03
3394,guest_3395,0.18
3395,guest_3396,0.12
3396,guest_3397,0.1
3397,guest_3398,0.1
3398,guest_3399,0.09
3399,guest_3400,0.08
3400,guest_3401,0.16
3401,guest_3402,0.07
3402,guest_3403,0.11
3403,guest_3404,0.07
3404,guest_3405,0.06
3405,guest_3406,0.02
3406,guest_3407,0.14
3407,guest_3408,0
3408,guest_3409,0.16
3409,guest_3410,0.05
3410,guest_3411,0.12
3411,guest_3412,0.05
3412,guest_3413,0.12
3413,guest_3414,0.19
3414,guest_3415,0.03
3415,guest_3416,0.1
3416,guest_3417,0.19
3417,guest_3418,0.02
3418,guest_3419,0
3419,guest_3420,0.11
3420,guest_3421,0.01
3421,guest_3422,0.13
3422,guest_3423,0.07
3423,guest_3424,0.07
3424,guest_3425,0.03
3425,guest_3426,0
3426,guest_3427,0.06
3427,guest_3428,0.02
3428,guest_3429,0.08
3429,guest_3430,0.08
3430,guest_3431,0.18
3431,guest_3432,0.16
3432,guest_3433,0.18
3433,guest_3434,0.01
3434,guest_3435,0.02
3435,guest_3436,0.18
3436,guest_3437,0.1
3437,guest_3438,0.04
3438,guest_3439,0.17
3439,guest_3440,0.15
3440,guest_3441,0.07
3441,guest_3442,0.03
3442,guest_3443,0.01
3443,guest_3444,0.15
3444,guest_3445,0.11
3445,guest_3446,0.17
3446,guest_3447,0.16
3447,guest_3448,0.19
3448,guest_3449,0.19
3449,guest_3450,0.16
3450,guest_3451,0.1
3451,guest_3452,0.01
3452,guest_3453,0.18
3453,guest_3454,0
3454,guest_3455,0.16
3455,guest_3456,0.08
3456,guest_3457,0.12
3457,guest_3458,0.16
3458,guest_3459,0.14
3459,guest_3460,0.03
3460,guest_3461,0.09
3461,guest_3462,0.01
3462,guest_3463,0.06
3463,guest_3464,0
3464,guest_3465,0.15
3465,guest_3466,0.18
3466,guest_3467,0.17
3467,guest_3468,0.04
3468,guest_3469,0.05
3469,guest_3470,0
3470,guest_3471,0.16
3471,guest_3472,0.1
3472,guest_3473,0.15
3473,guest_3474,0.02
3474,guest_3475,0.05
3475,guest_3476,0
3476,guest_3477,0.11
3477,guest_3478,0.16
3478,guest_3479,0.05
3479,guest_3480,0.08
3480,guest_3481,0.04
3481,guest_3482,0.04
3482,guest_3483,0.14
3483,guest_3484,0.17
3484,guest_3485,0.19
3485,guest_3486,0.17
3486,guest_3487,0.16
3487,guest_3488,0.07
3488,guest_3489,0.15
3489,guest_3490,0.01
3490,guest_3491,0.05
3491,guest_3492,0.14
3492,guest_3493,0.09
3493,guest_3494,0.1
3494,guest_3495,0.13
3495,guest_3496,0.02
3496,guest_3497,0.09
3497,guest_3498,0.12
3498,guest_3499,0.19
3499,guest_3500,0.05
3500,guest_3501,0.13
3501,guest_3502,0.12
3502,guest_3503,0.1
3503,guest_3504,0.03
3504,guest_3505,0.18
3505,guest_3506,0.15
3506,guest_3507,0.02
3507,guest_3508,0
3508,guest_3509,0.19
3509,guest_3510,0.09
3510,guest_3511,0.03
3511,guest_3512,0.08
3512,guest_3513,0.18
3513,guest_3514,0.09
3514,guest_3515,0.14
3515,guest_3516,0.14
3516,guest_3517,0.02
3517,guest_3518,0.03
3518,guest_3519,0.05
3519,guest_3520,0.15
3520,guest_3521,0.15
3521,guest_3522,0.15
3522,guest_3523,0.14
3523,guest_3524,0.06
3524,guest_3525,0.05
3525,guest_3526,0.15
3526,guest_3527,0.16
3527,guest_3528,0.04
3528,guest_3529,0.12
3529,guest_3530,0.09
3530,guest_3531,0.15
3531,guest_3532,0.1
3532,guest_3533,0
3533,guest_3534,0.08
3534,guest_3535,0.11
3535,guest_3536,0.02
3536,guest_3537,0.13
3537,guest_3538,0.03
3538,guest_3539,0.14
3539,guest_3540,0.12
3540,guest_3541,0.03
3541,guest_3542,0.15
3542,guest_3543,0.1
3543,guest_3544,0.08
3544,guest_3545,0.16
3545,guest_3546,0.12
3546,guest_3547,0.15
3547,guest_3548,0.13
3548,guest_3549,0.19
3549,guest_3550,0.11
3550,guest_3551,0.18
3551,guest_3552,0.17
3552,guest_3553,0.15
3553,guest_3554,0
3554,guest_3555,0.14
3555,guest_3556,0.12
3556,guest_3557,0.17
3557,guest_3558,0.14
3558,guest_3559,0.09
3559,guest_3560,0.02
3560,guest_3561,0
3561,guest_3562,0.11
3562,guest_3563,0.04
3563,guest_3564,0.1
3564,guest_3565,0.18
3565,guest_3566,0.03
3566,guest_3567,0.1
3567,guest_3568,0.12
3568,guest_3569,0.12
3569,guest_3570,0.19
3570,guest_3571,0.08
3571,guest_3572,0.16
3572,guest_3573,0.08
3573,guest_3574,0.06
3574,guest_3575,0.02
3575,guest_3576,0.13
3576,guest_3577,0.04
3577,guest_3578,0.01
3578,guest_3579,0.19
3579,guest_3580,0.09
3580,guest_3581,0.09
3581,guest_3582,0.12
3582,guest_3583,0.04
3583,guest_3584,0.14
3584,guest_3585,0.02
3585,guest_3586,0.01
3586,guest_3587,0
3587,guest_3588,0.19
3588,guest_3589,0
3589,guest_3590,0.02
3590,guest_3591,0.01
3591,guest_3592,0.14
3592,guest_3593,0.16
3593,guest_3594,0.02
3594,guest_3595,0.05
3595,guest_3596,0.14
3596,guest_3597,0.07
3597,guest_3598,0.13
3598,guest_3599,0.06
3599,guest_3600,0.02
3600,guest_3601,0.11
3601,guest_3602,0.08
3602,guest_3603,0.09
3603,guest_3604,0
3604,guest_3605,0
3605,guest_3606,0.12
3606,guest_3607,0.16
3607,guest_3608,0.15
3608,guest_3609,0.08
3609,guest_3610,0.08
3610,guest_3611,0.11
3611,guest_3612,0.1
3612,guest_3613,0.05
3613,guest_3614,0.13
3614,guest_3615,0.14
3615,guest_3616,0.02
3616,guest_3617,0.03
3617,guest_3618,0.16
3618,guest_3619,0.03
3619,guest_3620,0.01
3620,guest_3621,0.13
3621,guest_3622,0.07
3622,guest_3623,0.12
3623,guest_3624,0.13
3624,guest_3625,0.16
3625,guest_3626,0.16
3626,guest_3627,0.19
3627,guest_3628,0.18
3628,guest_3629,0.09
3629,guest_3630,0.16
3630,guest_3631,0.11
3631,guest_3632,0.12
3632,guest_3633,0.18
3633,guest_3634,0.07
3634,guest_3635,0.19
3635,guest_3636,0.03
3636,guest_3637,0.14
3637,guest_3638,0.02
3638,guest_3639,0.03
3639,guest_3640,0.16
3640,guest_3641,0.13
3641,guest_3642,0.07
3642,guest_3643,0.06
3643,guest_3644,0.01
3644,guest_3645,0.03
3645,guest_3646,0.07
3646,guest_3647,0.07
3647,guest_3648,0.01
3648,guest_3649,0.12
3649,guest_3650,0.11
3650,guest_3651,0.09
3651,guest_3652,0.19
3652,guest_3653,0.13
3653,guest_3654,0.14
3654,guest_3655,0.01
3655,guest_3656,0.17
3656,guest_3657,0.1
3657,guest_3658,0.08
3658,guest_3659,0.07
3659,guest_3660,0.14
3660,guest_3661,0.14
3661,guest_3662,0.16
3662,guest_3663,0.13
3663,guest_3664,0.17
3664,guest_3665,0.15
3665,guest_3666,0.01
3666,guest_3667,0.11
3667,guest_3668,0
3668,guest_3669,0.16
3669,guest_3670,0.19
3670,guest_3671,0.07
3671,guest_3672,0.19
3672,guest_3673,0.19
3673,guest_3674,0.13
3674,guest_3675,0.03
3675,guest_3676,0.03
3676,guest_3677,0.19
3677,guest_3678,0.17
3678,guest_3679,0.12
3679,guest_3680,0.03
3680,guest_3681,0.17
3681,guest_3682,0.04
3682,guest_3683,0.05
3683,guest_3684,0.1
3684,guest_3685,0.09
3685,guest_3686,0.14
3686,guest_3687,0.11
3687,guest_3688,0.01
3688,guest_3689,0
3689,guest_3690,0.15
3690,guest_3691,0.15
3691,guest_3692,0.13
3692,guest_3693,0.06
3693,guest_3694,0.17
3694,guest_3695,0.15
3695,guest_3696,0.13
3696,guest_3697,0.04
3697,guest_3698,0.06
3698,guest_3699,0.08
3699,guest_3700,0.01
3700,guest_3701,0.11
3701,guest_3702,0.12
3702,guest_3703,0.04
3703,guest_3704,0.02
3704,guest_3705,0.19
3705,guest_3706,0.13
3706,guest_3707,0.14
3707,guest_3708,0.04
3708,guest_3709,0.13
3709,guest_3710,0.03
3710,guest_3711,0.15
3711,guest_3712,0.13
3712,guest_3713,0.18
3713,guest_3714,0.01
3714,guest_3715,0.01
3715,guest_3716,0.1
3716,guest_3717,0.01
3717,guest_3718,0.11
3718,guest_3719,0.02
3719,guest_3720,0.08
3720,guest_3721,0.04
3721,guest_3722,0.04
3722,guest_3723,0
3723,guest_3724,0.12
3724,guest_3725,0.18
3725,guest_3726,0.14
3726,guest_3727,0.16
3727,guest_3728,0.13
3728,guest_3729,0.01
3729,guest_3730,0.01
3730,guest_3731,0.12
3731,guest_3732,0.1
3732,guest_3733,0.01
3733,guest_3734,0.04
3734,guest_3735,0.06
3735,guest_3736,0.09
3736,guest_3737,0.07
3737,guest_3738,0.09
3738,guest_3739,0.04
3739,guest_3740,0.03
3740,guest_3741,0.06
3741,guest_3742,0
3742,guest_3743,0.16
3743,guest_3744,0.19
3744,guest_3745,0.17
3745,guest_3746,0.03
3746,guest_3747,0.17
3747,guest_3748,0.01
3748,guest_3749,0.14
3749,guest_3750,0.01
3750,guest_3751,0.06
3751,guest_3752,0
3752,guest_3753,0.01
3753,guest_3754,0.14
3754,guest_3755,0.14
3755,guest_3756,0.19
3756,guest_3757,0.17
3757,guest_3758,0.13
3758,guest_3759,0.05
3759,guest_3760,0.04
3760,guest_3761,0.07
3761,guest_3762,0.06
3762,guest_3763,0.04
3763,guest_3764,0.17
3764,guest_3765,0.07
3765,guest_3766,0.14
3766,guest_3767,0.11
3767,guest_3768,0.12
3768,guest_3769,0.11
3769,guest_3770,0.06
3770,guest_3771,0.02
3771,guest_3772,0.04
3772,guest_3773,0.01
3773,guest_3774,0.17
3774,guest_3775,0.05
3775,guest_3776,0
3776,guest_3777,0.06
3777,guest_3778,0.15
3778,guest_3779,0.11
3779,guest_3780,0.16
3780,guest_3781,0.07
3781,guest_3782,0.06
3782,guest_3783,0.02
3783,guest_3784,0
3784,guest_3785,0.04
3785,guest_3786,0.16
3786,guest_3787,0.03
3787,guest_3788,0.16
3788,guest_3789,0.19
3789,guest_3790,0
3790,guest_3791,0.1
3791,guest_3792,0.07
3792,guest_3793,0.07
3793,guest_3794,0.11
3794,guest_3795,0.18
3795,guest_3796,0.06
3796,guest_3797,0.18
3797,guest_3798,0.16
3798,guest_3799,0.05
3799,guest_3800,0.09
3800,guest_3801,0.1
3801,guest_3802,0.06
3802,guest_3803,0.17
3803,guest_3804,0.06
3804,guest_3805,0.1
3805,guest_3806,0.04
3806,guest_3807,0.01
3807,guest_3808,0
3808,guest_3809,0.03
3809,guest_3810,0.05
3810,guest_3811,0.13
3811,guest_3812,0.11
3812,guest_3813,0.12
3813,guest_3814,0.16
3814,guest_3815,0.02
3815,guest_3816,0.15
3816,guest_3817,0.11
3817,guest_3818,0.13
3818,guest_3819,0.05
3819,guest_3820,0.01
3820,guest_3821,0.07
3821,guest_3822,0.02
3822,guest_3823,0
3823,guest_3824,0.05
3824,guest_3825,0.07
3825,guest_3826,0.18
3826,guest_3827,0
3827,guest_3828,0.01
3828,guest_3829,0.17
3829,guest_3830,0.16
3830,guest_3831,0.19
3831,guest_3832,0.14
3832,guest_3833,0.18
3833,guest_3834,0.11
3834,guest_3835,0.13
3835,guest_3836,0.01
3836,guest_3837,0.12
3837,guest_3838,0.05
3838,guest_3839,0.07
3839,guest_3840,0.04
3840,guest_3841,0.11
3841,guest_3842,0.13
3842,guest_3843,0.07
3843,guest_3844,0.03
3844,guest_3845,0.18
3845,guest_3846,0.06
3846,guest_3847,0.08
3847,guest_3848,0.03
3848,guest_3849,0.16
3849,guest_3850,0.07
3850,guest_3851,0.19
3851,guest_3852,0.16
3852,guest_3853,0.17
3853,guest_3854,0.15
3854,guest_3855,0.03
3855,guest_3856,0.11
3856,guest_3857,0.03
3857,guest_3858,0.09
3858,guest_3859,0.1
3859,guest_3860,0.14
3860,guest_3861,0.1
3861,guest_3862,0.16
3862,guest_3863,0.17
3863,guest_3864,0.12
3864,guest_3865,0.01
3865,guest_3866,0.04
3866,guest_3867,0.1
3867,guest_3868,0.08
3868,guest_3869,0.13
3869,guest_3870,0.19
3870,guest_3871,0.18
3871,guest_3872,0.16
3872,guest_3873,0.11
3873,guest_3874,0.13
3874,guest_3875,0.05
3875,guest_3876,0.02
3876,guest_3877,0.01
3877,guest_3878,0.08
3878,guest_3879,0.16
3879,guest_3880,0.1
3880,guest_3881,0.03
3881,guest_3882,0.06
3882,guest_3883,0
3883,guest_3884,0.14
3884,guest_3885,0.02
3885,guest_3886,0.08
3886,guest_3887,0.14
3887,guest_3888,0.08
3888,guest_3889,0.11
3889,guest_3890,0.05
3890,guest_3891,0.1
3891,guest_3892,0.09
3892,guest_3893,0.16
3893,guest_3894,0.12
3894,guest_3895,0.02
3895,guest_3896,0.03
3896,guest_3897,0.01
3897,guest_3898,0
3898,guest_3899,0.08
3899,guest_3900,0.08
3900,guest_3901,0.15
3901,guest_3902,0.02
3902,guest_3903,0.08
3903,guest_3904,0
3904,guest_3905,0.14
3905,guest_3906,0.14
3906,guest_3907,0.02
3907,guest_3908,0.12
3908,guest_3909,0.05
3909,guest_3910,0.07
3910,guest_3911,0.08
3911,guest_3912,0.15
3912,guest_3913,0.17
3913,guest_3914,0.14
3914,guest_3915,0.16
3915,guest_3916,0.13
3916,guest_3917,0.12
3917,guest_3918,0.1
3918,guest_3919,0
3919,guest_3920,0.08
3920,guest_3921,0.14
3921,guest_3922,0.1
3922,guest_3923,0.19
3923,guest_3924,0.17
3924,guest_3925,0.12
3925,guest_3926,0.04
3926,guest_3927,0.14
3927,guest_3928,0.03
3928,guest_3929,0.11
3929,guest_3930,0.01
3930,guest_3931,0.1
3931,guest_3932,0.09
3932,guest_3933,0.15
3933,guest_3934,0.16
3934,guest_3935,0.1
3935,guest_3936,0.17
3936,guest_3937,0.04
3937,guest_3938,0.11
3938,guest_3939,0.04
3939,guest_3940,0.02
3940,guest_3941,0.13
3941,guest_3942,0.08
3942,guest_3943,0.13
3943,guest_3944,0.17
3944,guest_3945,0.15
3945,guest_3946,0.13
3946,guest_3947,0.14
3947,guest_3948,0.18
3948,guest_3949,0.02
3949,guest_3950,0.14
3950,guest_3951,0.13
3951,guest_3952,0.02
3952,guest_3953,0.18
3953,guest_3954,0.07
3954,guest_3955,0.15
3955,guest_3956,0.11
3956,guest_3957,0.08
3957,guest_3958,0.12
3958,guest_3959,0.06
3959,guest_3960,0.02
3960,guest_3961,0.08
3961,guest_3962,0.06
3962,guest_3963,0.09
3963,guest_3964,0.01
3964,guest_3965,0.14
3965,guest_3966,0.13
3966,guest_3967,0.14
3967,guest_3968,0.07
3968,guest_3969,0.03
3969,guest_3970,0.17
3970,guest_3971,0.11
3971,guest_3972,0.03
3972,guest_3973,0.13
3973,guest_3974,0.19
3974,guest_3975,0.13
3975,guest_3976,0.09
3976,guest_3977,0.11
3977,guest_3978,0.02
3978,guest_3979,0.18
3979,guest_3980,0.19
3980,guest_3981,0.11
3981,guest_3982,0.02
3982,guest_3983,0.05
3983,guest_3984,0.19
3984,guest_3985,0.03
3985,guest_3986,0.18
3986,guest_3987,0.18
3987,guest_3988,0.03
3988,guest_3989,0.07
3989,guest_3990,0.12
3990,guest_3991,0.04
3991,guest_3992,0
3992,guest_3993,0.06
3993,guest_3994,0.17
3994,guest_3995,0.02
3995,guest_3996,0
3996,guest_3997,0.15
3997,guest_3998,0.07
3998,guest_3999,0.08
3999,guest_4000,0.07
